smiles,safe,target
N#CC(OC1OC(COC2OC(CO)C(O)C(O)C2O)C(O)C(O)C1O)c1ccccc1,BRICS.C15OC7C(O)C(O)C1O.C16OC8C(O)C(O)C1O.c19ccccc1.N#CC39.O35.C47.O46.C8O,-0.77
Cc1occc1C(=O)Nc1ccccc1,BRICS.Cc1occc14.c13ccccc1.C24=O.N23,-3.3
CC(C)=CCCC(C)=CC=O,BRICS.C=1CCC=2C.CC=1C.C=2C=O,-2.06
c1ccc2c(c1)ccc1c2ccc2c3ccccc3ccc21,ATTACH.c1%16c%17c%10c2c(c7c%11c3c2c9c%13c2c4c%12c%18c%15c5c4c%14c6c23)c18.[H]%16.[H]%17.[H]%10.[H]8.[H]7.[H]%11.[H]9.[H]%13.[H]%12.[H]%18.[H]%15.[H]5.[H]%14.[H]6,-7.87
c1ccsc1,ATTACH.c15c2sc4c13.[H]5.[H]3.[H]4.[H]2,-1.33
c1ccc2scnc2c1,ATTACH.c16c5c7c2sc4nc2c13.[H]6.[H]5.[H]7.[H]4.[H]3,-1.5
Clc1cc(Cl)c(-c2c(Cl)cccc2Cl)c(Cl)c1,BRICS.Clc1cc(Cl)c3c(Cl)c1.c13c(Cl)cccc1Cl,-7.32
CC12CCC3c4ccc(O)cc4CCC3C1CCC2O,MMPA.C125CCC3c4ccc6cc4CCC3C1CCC27.C5.O6.O7,-5.03
ClC1=C(Cl)C2(Cl)C3C4CC(C5OC45)C3C1(Cl)C2(Cl)Cl,HR.C16=C7C28C3C4CC(C5OC45)C3C1%10C29%11.Cl6.Cl7.Cl8.Cl%10.Cl%11.Cl9,-6.29
C=C(C)C1Cc2c(ccc3c2OC2COc4cc(OC)c(OC)cc4C2C3=O)O1,BRICS.C=C(C)C1Cc2c(ccc3c2OC2COc4cc5c6cc4C2C3=O)O1.O5C.O6C,-4.42
O=C1CCCN1,ATTACH.C1=2N9C38C46C157.O=2.[H]7.[H]5.[H]4.[H]6.[H]3.[H]8.[H]9,1.07
Clc1ccc2ccccc2c1,HR.c13ccc2ccccc2c1.Cl3,-4.14
C=CCCC,ATTACH.C7%1426.C89%12%14.C8%10%115.C=1%134.C=173.[H]4.[H]%13.[H]3.[H]6.[H]2.[H]%12.[H]9.[H]%11.[H]%10.[H]5,-2.68
CCC1(c2ccccc2)C(=O)NCNC1=O,BRICS.C134C(=O)NCNC1=O.c14ccccc1.CC3,-2.64
CCCCCCCCCCCCCC,ROTATABLE.CC4.C47.C67.C69.C92.C82.C83.C%103.C1%10.C15.C5%11.C%11C,-7.96
CC(C)Cl,HR.C123.C1.C2.Cl3,-1.41
CCC(C)CO,MMPA.C234.C14.C35.C1.C2.O5,-0.47
N#Cc1ccccc1,ATTACH.c14c3c8c5c7c16.C#24.N#2.[H]3.[H]8.[H]5.[H]7.[H]6,-1.0
CCOP(=S)(OCC)Oc1cc(C)nc(C(C)C)n1,BRICS.c14cc(C)nc5n1.O2P(=S)(O3)O4.C5(C)C.CC2.C3C,-3.64
CCCCCCCCCC(C)O,ROTATABLE.C6(C)O.CC1.C13.C23.C25.C57.C47.C48.C68,-2.94
Clc1ccc(-c2c(Cl)ccc(Cl)c2Cl)c(Cl)c1,BRICS.c13c(Cl)ccc(Cl)c1Cl.Clc1ccc3c(Cl)c1,-7.43
O=c1[nH]c2c(c(=O)n1C1CCCCC1)CCC2,BRICS.O=c1[nH]c2c(c(=O)n13)CCC2.C13CCCCC1,-4.593999999999999
CCOP(=S)(OCC)SCSCC,BRICS.O1P(=S)(O2)SCS3.CC1.C2C.C3C,-4.11
CCOc1ccc(NC(C)=O)cc1,BRICS.c14ccc5cc1.C2(C)=O.CC3.O34.N25,-2.35
CCN(CC)c1c([N+](=O)[O-])cc(C(F)(F)F)c(N)c1[N+](=O)[O-],BRICS.c14c([N+](=O)[O-])cc5c(N)c1[N+](=O)[O-].C5(F)(F)F.N234.CC2.C3C,-5.47
CCCCCCCO,ROTATABLE.CC3.C13.C14.C24.C25.C5O,-1.81
Cn1c(=O)c2[nH]cnc2n(C)c1=O,RECAP.n13c(=O)c2[nH]cnc2n4c1=O.C3.C4,-1.39
CCCCC1(CC)C(=O)NC(=O)NC1=O,BRICS.C123C(=O)NC(=O)NC1=O.CCCC2.C3C,-1.661
ClC(Cl)=C(c1ccc(Cl)cc1)c1ccc(Cl)cc1,HR.c14ccc6cc1.c17ccc5cc1.C23=C47.Cl2.Cl3.Cl6.Cl5,-6.9
CCCCCCCC(=O)OC,BRICS.CCCCCCCC1=O.O1C,-3.17
CCc1ccc(CC)cc1,BRICS.c12ccc3cc1.CC2.C3C,-3.75
CCOP(=S)(OCC)SCSC(C)(C)C,BRICS.O1P(=S)(O2)SCS3.C3(C)(C)C.CC1.C2C,-4.755
COC(=O)Nc1cccc(OC(=O)Nc2cccc(C)c2)c1,BRICS.c18cccc7c1.c19cccc(C)c1.C35=O.C46=O.CO3.N58.O47.N69,-4.805
C=C(Cl)Cl,HR.C=C12.Cl1.Cl2,-1.64
Cc1cccc2c1Cc1ccccc1-2,MMPA.c13cccc2c1Cc1ccccc1-2.C3,-5.22
CCCCC=O,ROTATABLE.CC2.C12.C13.C3=O,-0.85
c1ccc(Nc2ccccc2)cc1,BRICS.c1ccc3cc1.c14ccccc1.N34,-3.504
CN(C)C(=O)SCCCCOc1ccccc1,BRICS.c14ccccc1.C5CCC3.C2(=O)S5.CN2C.O34,-3.927
CCCOP(=S)(OCCC)SCC(=O)N1CCCCC1C,BRICS.O3P(=S)(O4)S5.N12CCCCC1C.C5C2=O.CCC3.C4CC,-4.15
CCCCCCCI,ROTATABLE.CC3.C13.C14.C24.C25.C5I,-4.81
Clc1cccc(-c2ccccc2)c1,BRICS.Clc1cccc3c1.c13ccccc1,-4.88
C=CCCCO,ATTACH.C%10%1323.C%11267.C%11%1245.C=18%15.C=1%10%14.O94.[H]%15.[H]8.[H]%14.[H]3.[H]%13.[H]7.[H]6.[H]%12.[H]5.[H]9,-0.15
O=C1NC(=O)C2(CCC2)C(=O)N1,ATTACH.C1=3N%11C=6C2(C=7N1%13)C%10%12C94C285.O=3.O=7.O=6.[H]%13.[H]%12.[H]%10.[H]4.[H]9.[H]8.[H]5.[H]%11,-1.655
CC1CCC(C(C)C)C(O)C1,BRICS.CC1CCC2C(O)C1.C2(C)C,-2.53
CC(C)OC=O,BRICS.CC1C.O1C=O,-0.63
CCCCCC(C)O,ATTACH.C1%205%10.C1%12%218.C%1227%11.C%18%22%11%16.C%183%13%15.C%234%13%14.C%1969%14.O%17%23.[H]5.[H]%10.[H]%20.[H]%21.[H]8.[H]2.[H]7.[H]%16.[H]%22.[H]%15.[H]3.[H]4.[H]9.[H]%19.[H]6.[H]%17,-1.55
CC(=O)Nc1ccc(Br)cc1,BRICS.c13ccc(Br)cc1.CC2=O.N23,-3.083
Nc1cnn(-c2ccccc2)c(=O)c1Br,BRICS.Nc1cnn3c(=O)c1Br.c13ccccc1,-3.127
COC(=O)C1=C(C)NC(C)=C(C(=O)OC)C1c1ccccc1[N+](=O)[O-],BRICS.C2(=O)C1=C(C)NC(C)=C(C3=O)C14.c14ccccc1[N+](=O)[O-].CO2.O3C,-4.76
Cc1ccc2ccc(C)nc2c1,MMPA.c13ccc2ccc4nc2c1.C3.C4,-1.94
C#CCCCCCC,ATTACH.C%16%1989.C%1748%14.C%175%10%13.C%15%21%10%11.C%12%207%11.C%18%2026.C#13.C#1%16.[H]3.[H]9.[H]%19.[H]4.[H]%14.[H]5.[H]%13.[H]%15.[H]%21.[H]7.[H]%12.[H]6.[H]%18.[H]2,-3.66
CCC1(C2=CCCCC2)C(=O)NC(=O)NC1=O,BRICS.C13(C2=CCCCC2)C(=O)NC(=O)NC1=O.CC3,-2.17
c1ccc2c(c1)ccc1c3ccccc3ccc21,ATTACH.c1%15c6c%12c2c(c14)c7c9c1c3c%10c%14c%11c8c3c5c%13c21.[H]%15.[H]6.[H]%12.[H]4.[H]7.[H]9.[H]%10.[H]%14.[H]%11.[H]8.[H]5.[H]%13,-8.057
CCC(C)n1c(=O)[nH]c(C)c(Br)c1=O,BRICS.n12c(=O)[nH]c(C)c(Br)c1=O.CCC2C,-2.523
Clc1cccc(-c2c(Cl)c(Cl)cc(Cl)c2Cl)c1Cl,BRICS.c13c(Cl)c(Cl)cc(Cl)c1Cl.Clc1cccc3c1Cl,-8.6
Cc1ccccc1O,HR.c12ccccc13.C2.O3,-0.62
CC(C)CCC(C)(C)C,HR.C4567.C128.C38.C36.C1.C2.C7.C5.C4,-5.05
Cc1ccc(C)c2ccccc12,HR.c13ccc4c2ccccc12.C3.C4,-4.14
Cc1cc2c3ccccc3ccc2c2ccccc12,HR.c14cc2c3ccccc3ccc2c2ccccc12.C4,-6.57
CCCC(C)=O,ATTACH.C18%124.C1926.C9%13%155.C%10%11%143.C%10%13=7.O=7.[H]%12.[H]8.[H]4.[H]6.[H]2.[H]5.[H]%15.[H]%11.[H]3.[H]%14,-0.19
Clc1cc(Cl)c(Cl)c(-c2c(Cl)c(Cl)cc(Cl)c2Cl)c1Cl,BRICS.Clc1cc(Cl)c(Cl)c3c1Cl.c13c(Cl)c(Cl)cc(Cl)c1Cl,-9.15
CCCOC(=O)CC,BRICS.C1(=O)CC.CCC2.O12,-0.82
CC12C=CC(=O)C=C1CCC1C3CC(O)C(O)(C(=O)CO)C3(C)CC(O)C12F,BRICS.CC12C=CC(=O)C=C1CCC1C3CC(O)C4(O)C3(C)CC(O)C12F.C4(=O)CO,-3.68
Nc1ccc(O)cc1,ATTACH.c12c3c7c6c%10c14.N258.O69.[H]8.[H]5.[H]4.[H]%10.[H]9.[H]7.[H]3,-0.8
O=C(Cn1ccnc1[N+](=O)[O-])NCc1ccccc1,BRICS.n14ccnc1[N+](=O)[O-].c15ccccc1.O=C2C4.N23.C35,-2.81
O=C1C(O)=C(C2CCC(c3ccc(Cl)cc3)CC2)C(=O)c2ccccc21,BRICS.O=C1C(O)=C(C2CCC4CC2)C(=O)c2ccccc21.c14ccc(Cl)cc1,-5.931
CCNc1nc(Cl)nc(N(CC)CC)n1,BRICS.c15nc6nc(Cl)n1.N346.CC2.N25.C3C.C4C,-4.06
NC(=O)c1cnccn1,BRICS.c12cnccn1.NC2=O,-0.667
CCC(Br)(CC)C(=O)NC(N)=O,BRICS.CCC(Br)(CC)C1=O.C2(N)=O.N12,-2.68
Clc1ccccc1-c1ccccc1Cl,BRICS.Clc1ccccc12.c12ccccc1Cl,-5.27
O=C1CN(N=Cc2ccc([N+](=O)[O-])o2)C(=O)N1,RECAP.N5=Cc1ccc([N+](=O)[O-])o1.C1=3CN5C=4N1.O=3.O=4,-3.38
O=[N+]([O-])c1ccc(Oc2ccc(Cl)cc2Cl)cc1,BRICS.O=[N+]([O-])c1ccc3cc1.c14ccc(Cl)cc1Cl.O34,-5.46
CC12CCC(CC1=O)C2(C)C,HR.C123CCC(CC1=O)C245.C3.C4.C5,-1.96
C=CCC1(c2ccccc2)C(=O)NC(=O)NC1=O,BRICS.C134C(=O)NC(=O)NC1=O.c14ccccc1.C=CC3,-2.369
CCCCC(=O)OCC,BRICS.CCCCC1=O.O12.C2C,-2.25
CC(=O)OCCC(C)C,BRICS.C2CC(C)C.CC1=O.O12,-1.92
CCCCCC(=O)OCN1C(=O)NC(c2ccccc2)(c2ccccc2)C1=O,BRICS.N14C(=O)NC56C1=O.CCCCCC3=O.c15ccccc1.c16ccccc1.O3C4,-5.886
Clc1cccc(-c2cc(Cl)ccc2Cl)c1,BRICS.c13cc(Cl)ccc1Cl.Clc1cccc3c1,-6.01
CCCBr,MMPA.C12.C23.C1.Br3,-1.73
CCCC1COC(Cn2cncn2)(c2ccc(Cl)cc2Cl)O1,BRICS.c16ccc(Cl)cc1Cl.C14COC56O1.n13cncn1.CCC4.C35,-3.4930000000000003
COP(=S)(OC)SCC(=O)N(C)C=O,BRICS.COP(=S)(OC)S2.C2C1=O.N1(C)C=O,-1.995
Cc1ncnc2nccnc12,HR.c13ncnc2nccnc12.C3,-0.466
NC(N)=S,ATTACH.N136.C12=7.N245.S=7.[H]3.[H]6.[H]4.[H]5,0.32
Cc1ccc(C)cc1,HR.c12ccc3cc1.C2.C3,-2.77
CCc1ccccc1CC,BRICS.c12ccccc13.CC2.C3C,-3.28
ClC(Cl)(Cl)C(Cl)(Cl)Cl,MMPA.C1357.C2467.Cl1.Cl3.Cl5.Cl2.Cl4.Cl6,-3.67
CC(C)C(C(=O)OC(C#N)c1cccc(Oc2ccccc2)c1)c1ccc(OC(F)F)cc1,BRICS.CC(C)C8C3=O.c19cccc5c1.c18ccc7cc1.c16ccccc1.C49C#N.O7C(F)F.O34.O56,-6.876
CCC[N+](=O)[O-],MMPA.[N+]3(=O)[O-].C12.C23.C1,-0.8
CC1CCC(C(C)C)C(=O)C1,BRICS.CC1CCC2C(=O)C1.C2(C)C,-2.35
CCN1c2cc(Cl)ccc2NC(=O)c2cccnc21,BRICS.N13c2cc(Cl)ccc2NC(=O)c2cccnc21.CC3,-5.36
O=[N+]([O-])c1cccc(Cl)c1Cl,MMPA.c13cccc4c12.O=[N+]3[O-].Cl4.Cl2,-3.48
C=CCC1(C(C)CCC)C(=O)NC(=S)NC1=O,BRICS.C123C(=O)NC(=S)NC1=O.C3(C)CCC.C=CC2,-3.46
c1ccc2c(c1)-c1cccc3cccc-2c13,ATTACH.c17c%10c%11c2c(c1%12)-c1c8c5c9c3c4c6c%13c-2c13.[H]7.[H]%10.[H]%11.[H]%12.[H]8.[H]5.[H]9.[H]4.[H]6.[H]%13,-6.0
CCCOC(C)C,BRICS.CCC1.C2(C)C.O12,-1.34
Cc1cc(C)c2ccccc2c1,MMPA.c13cc4c2ccccc2c1.C3.C4,-4.29
CCC(=C(CC)c1ccc(O)cc1)c1ccc(O)cc1,BRICS.CCC=2c1ccc(O)cc1.C=2(CC)c1ccc(O)cc1,-4.07
N#Cc1c(Cl)c(Cl)c(Cl)c(C#N)c1Cl,MMPA.c13c4c5c7c2c16.N#C3.C2#N.Cl4.Cl5.Cl7.Cl6,-5.64
Clc1ccc(Cl)c(-c2ccc(Cl)c(Cl)c2)c1,BRICS.Clc1ccc(Cl)c3c1.c13ccc(Cl)c(Cl)c1,-7.25
c1ccc(C2CO2)cc1,BRICS.c1ccc3cc1.C13CO1,-1.6
CC(C)c1ccccc1,BRICS.c12ccccc1.CC2C,-3.27
CC12CCC(=O)C=C1CCC1C2CCC2(C)C(C(=O)CO)CCC12,BRICS.CC12CCC(=O)C=C1CCC1C2CCC2(C)C3CCC12.C3(=O)CO,-3.45
Clc1c(Cl)c(Cl)c2nccnc2c1Cl,ATTACH.c13c4c6c2nc5c8nc2c17.Cl3.Cl4.Cl6.Cl7.[H]5.[H]8,-5.43
OC1COC(O)C(O)C1O,MMPA.C12COC4C3C15.O2.O4.O3.O5,0.39
ClCCl,MMPA.C12.Cl1.Cl2,-0.63
CCc1cccc2ccccc12,BRICS.c13cccc2ccccc12.CC3,-4.17
COC=O,ROTATABLE.CO1.C1=O,0.58
O=[N+]([O-])c1ccccc1O,ATTACH.c1%10c3c6c4c7c18.[N+]=25%10.O89.O=2.[O-]5.[H]3.[H]6.[H]4.[H]7.[H]9,-1.74
Cc1c[nH]c(=O)[nH]c1=O,MMPA.c12c[nH]c(=O)[nH]c1=O.C2,-1.506
CC(C)C,HR.C123.C1.C2.C3,-2.55
OCC1OC(n2cnc3c(O)ncnc32)C(O)C1O,BRICS.n15cnc2c(O)ncnc21.C14OC5C(O)C1O.OC4,-1.23
N#Cc1cc(I)c(O)c(I)c1,ATTACH.c13c4c7c5c6c19.C#23.O58.N#2.I6.I7.[H]9.[H]8.[H]4,-3.61
O=C(Nc1ccc([N+](=O)[O-])cc1Cl)c1cc(Cl)ccc1O,BRICS.c13ccc([N+](=O)[O-])cc1Cl.c14cc(Cl)ccc1O.O=C24.N23,-4.7
CCCCC,ROTATABLE.CC2.C12.C1C,-3.18
Oc1ccccc1,HR.c12ccccc1.O2,0.0
Nc1ccc2cc3ccccc3cc2c1,HR.c14ccc2cc3ccccc3cc2c1.N4,-5.17
Cn1cnc2c1c(=O)[nH]c(=O)n2C,MMPA.n13cnc2c1c(=O)[nH]c(=O)n24.C3.C4,-2.523
c1ccc2cnccc2c1,ATTACH.c15c7c6c2c4nc9c8c2c13.[H]5.[H]7.[H]6.[H]4.[H]9.[H]8.[H]3,-1.45
COP(=S)(OC)SCC(=O)N(c1ccc(Cl)cc1)C(C)C,BRICS.COP(=S)(OC)S4.c15ccc(Cl)cc1.C4C2=O.N235.C3(C)C,-4.432
CCCCCCc1ccccc1,BRICS.CCCCCC2.c12ccccc1,-5.21
Clc1ccccc1-c1ccccc1,BRICS.Clc1ccccc12.c12ccccc1,-4.54
C=C(C)CCC,MMPA.C=C23.C34.C14.C2.C1,-3.03
CC(C)C(C)C(C)C,ROTATABLE.CC1C.C12C.C2(C)C,-4.8
Clc1cc(Cl)c(Cl)c(Cl)c1Cl,ATTACH.c12c3c7c5c4c16.Cl2.Cl4.Cl5.Cl7.Cl3.[H]6,-5.65
O=[N+]([O-])c1cccc(O)c1,MMPA.c12cccc3c1.O=[N+]2[O-].O3,-1.01
C=CCCCCCCCC,HR.C=C1.C13.C23.C25.C57.C47.C48.C68.C6,-5.51
CC(=O)OCC(COC(C)=O)OC(C)=O,BRICS.C4C6C5.CC1=O.C2(C)=O.C3(C)=O.O14.O25.O36,-0.6
CCCCc1c(C)nc(N(C)C)nc1O,BRICS.c13c(C)nc2nc1O.CCCC3.N2(C)C,-2.24
CC1(C)C(C=C(Cl)Cl)C1C(=O)OC(C#N)c1ccc(F)c(Oc2ccccc2)c1,BRICS.CC1(C)C7C1C=C(Cl)Cl.c18ccc(F)c5c1.c16ccccc1.C48C#N.C37=O.O34.O56,-7.337000000000001
c1ccncc1,ATTACH.c16c2c4nc5c13.[H]6.[H]2.[H]4.[H]5.[H]3,0.76
CCCCCCCBr,ROTATABLE.CC3.C13.C14.C24.C25.C5Br,-4.43
Cc1ccncc1C,ATTACH.c12c9c8nc%11c13.C257%12.C69%104.[H]%12.[H]7.[H]5.[H]3.[H]%11.[H]8.[H]4.[H]%10.[H]6,0.36
CC12CCC(=O)C=C1CCC1C3CCC(O)(C(=O)CO)C3(C)CC(O)C12F,BRICS.CC12CCC(=O)C=C1CCC1C3CCC4(O)C3(C)CC(O)C12F.C4(=O)CO,-3.43
CCSCc1ccccc1OC(=O)NC,BRICS.c17ccccc14.C23=O.CC5.S56.C67.O24.N3C,-2.09
CCOC(=O)CC(=O)OCC,BRICS.C1(=O)CC2=O.CC3.O13.O24.C4C,-0.82
C=C(C)C1CC=C(C)CC1,ATTACH.C13%12C6%11C%14=C%20C%17%10C1%188.C%13%1959.C%16%20%217.C=2%154.C=2%133.[H]%15.[H]4.[H]9.[H]%19.[H]5.[H]%12.[H]6.[H]%11.[H]%14.[H]7.[H]%16.[H]%21.[H]%10.[H]%17.[H]8.[H]%18,-4.26
c1ccc2c(c1)CCC2,ATTACH.c17c9c%12c2c(c14)C68C5%10C23%11.[H]7.[H]9.[H]%12.[H]4.[H]8.[H]6.[H]%10.[H]5.[H]3.[H]%11,-3.04
CC(C)(C)c1ccc(O)cc1,BRICS.c12ccc(O)cc1.CC2(C)C,-2.41
O=C1NC(=O)C2(CC2)C(=O)N1,ATTACH.C1=3N8C=7C2(C=5N1%10)C46C29%11.O=3.O=5.O=7.[H]%10.[H]4.[H]6.[H]%11.[H]9.[H]8,-1.886
Clc1cccc(I)c1,MMPA.c12cccc3c1.Cl2.I3,-3.55
Brc1cccc2ccccc12,ATTACH.c13c%10c8c4c2c5c7c6c9c12.Br3.[H]%10.[H]8.[H]4.[H]5.[H]7.[H]6.[H]9,-4.35
C/C=C/CC,BRICS.C=1CC.CC=1,-2.54
Cc1cccc(C)n1,ATTACH.c12nc%10c7c%12c14.C2693.C58%10%11.[H]3.[H]9.[H]6.[H]4.[H]%12.[H]7.[H]8.[H]5.[H]%11,0.45
ClC=C(Cl)Cl,RECAP.C=1(Cl)Cl.ClC=1,-1.96
Nc1cccc2ccccc12,MMPA.c13cccc2ccccc12.N3,-1.92
Cc1cccc(C)c1,MMPA.c12cccc3c1.C2.C3,-2.82
Oc1ncc2nccnc2n1,HR.c13ncc2nccnc2n1.O3,-1.947
CO,MMPA.C1.O1,1.57
CCC1(CCC(C)C)C(=O)NC(=O)NC1=O,BRICS.C123C(=O)NC(=O)NC1=O.C3CC(C)C.CC2,-2.468
CCC(C)=O,ATTACH.C15%10%12.C1783.C9%1124.C=67%11.O=6.[H]%12.[H]%10.[H]5.[H]8.[H]3.[H]9.[H]4.[H]2,0.52
O=c1[nH]cc(F)c(=O)[nH]1,HR.O=c1[nH]cc2c(=O)[nH]1.F2,-1.077
Nc1ncnc2c1ccn2C1OC(CO)C(O)C1O,BRICS.Nc1ncnc2c1ccn24.C14OC3C(O)C1O.C3O,-1.95
Oc1cccc(O)c1,MMPA.c12cccc3c1.O2.O3,0.81
CCCCCCO,ATTACH.C1%12%194.C1%14%169.C%14%1758.C%1525%11.C%15%206%10.C%1867%13.O37.[H]%12.[H]%19.[H]4.[H]9.[H]%16.[H]8.[H]%17.[H]2.[H]%11.[H]%20.[H]%10.[H]%13.[H]%18.[H]3,-1.24
CCCCCCl,ATTACH.C19%144.C1%10%168.C%10%1557.C%11%1335.C%11%1226.Cl6.[H]4.[H]9.[H]%14.[H]%16.[H]8.[H]%15.[H]7.[H]%13.[H]3.[H]%12.[H]2,-2.73
C=CC=C,HR.C=C1.C1=C,-1.87
CCCOC(C)=O,BRICS.CCC2.C1(C)=O.O12,-0.72
Oc1ccc2c(c1)CCCC2,MMPA.c13ccc2c(c1)CCCC2.O3,-1.99
NC(=O)CCl,ROTATABLE.NC1=O.C1Cl,-0.02
COP(=S)(OC)Oc1cc(Cl)c(I)cc1Cl,BRICS.c12cc(Cl)c(I)cc1Cl.COP(=S)(O2)OC,-6.62
Cc1ccc(Cl)cc1,MMPA.c12ccc3cc1.C2.Cl3,-3.08
CSc1nnc(C(C)(C)C)c(=O)n1N,BRICS.c13nnc2c(=O)n1N.C2(C)(C)C.CS3,-2.253
Cc1ccc(OP(=O)(Oc2cccc(C)c2)Oc2ccccc2C)cc1,BRICS.Cc1ccc3cc1.O3P(=O)(O4)O5.c14cccc(C)c1.c15ccccc1C,-6.01
CCCCCC=O,ROTATABLE.CC3.C13.C14.C24.C2=O,-1.3
CCCCOC(=O)c1ccc(N)cc1,BRICS.c14ccc(N)cc1.CCCC3.C24=O.O23,-3.082
Cc1ccc2c(c1)Oc1ncc(N)cc1C(=O)N2C,RECAP.Cc1ccc2c(c1)Oc1ncc(N)cc1C=3N2C.O=3,-3.043
CC(C)=CCC/C(C)=C\CO,BRICS.C=1CCC=2C.CC=1C.C=2CO,-2.46
Clc1ccc(-c2ccccc2Cl)cc1,BRICS.Clc1ccc3cc1.c13ccccc1Cl,-5.28
CCCCCCCC(=O)OCN1C(=O)NC(c2ccccc2)(c2ccccc2)C1=O,BRICS.CCCCCCCC3=O.N14C(=O)NC56C1=O.c15ccccc1.c16ccccc1.O3C4,-6.523
CC[N+](=O)[O-],MMPA.[N+]2(=O)[O-].C12.C1,-0.22
C=C(C)CN(CC)c1c([N+](=O)[O-])cc(C(F)(F)F)cc1[N+](=O)[O-],BRICS.c14c([N+](=O)[O-])cc5cc1[N+](=O)[O-].C=C(C)C2.C5(F)(F)F.N234.C3C,-6.124
Clc1ccc(Cl)c(Cl)c1Cl,HR.c12ccc4c3c15.Cl2.Cl4.Cl3.Cl5,-4.57
CCCC(C)(COC(N)=O)COC(N)=O,BRICS.CCCC(C)(C3)C4.C1(N)=O.C2(N)=O.O13.O24,-1.807
CC(=O)C1CCC2C3CC=C4CC(O)CCC4(C)C3CCC12C,BRICS.C15CCC2C3CC=C4CC(O)CCC4(C)C3CCC12C.CC5=O,-4.65
CI,HR.C1.I1,-1.0
CC1CC(C)C(=O)C(C(O)CC2CC(=O)NC(=O)C2)C1,BRICS.CC1CC3C(=O)C(C)C1.C14CC(=O)NC(=O)C1.C3(O)C4,-1.13
CCCCCCC(=O)OCN1C(=O)NC(c2ccccc2)(c2ccccc2)C1=O,BRICS.N14C(=O)NC56C1=O.CCCCCCC3=O.c15ccccc1.c16ccccc1.O3C4,-6.301
CC1=CC(=O)CC(C)(C)C1,ATTACH.C12=C%18C=%15C%127C%198C1%166.C2%145%10.C%13%1949.C%1738%11.O=%15.[H]%14.[H]5.[H]%10.[H]%18.[H]7.[H]%12.[H]9.[H]%13.[H]4.[H]%11.[H]%17.[H]3.[H]%16.[H]6,-1.06
CCC(C)C1(CC)C(=O)NC(=O)NC1=O,BRICS.C123C(=O)NC(=O)NC1=O.CCC2C.C3C,-2.39
CCCCC(=O)CCCC,ROTATABLE.C45=O.CC3.C13.C14.C25.C26.C6C,-2.58
CCC1(c2ccccc2)CCC(=O)NC1=O,BRICS.C134CCC(=O)NC1=O.c14ccccc1.CC3,-2.337
CCC(C)CC,HR.C234.C14.C35.C1.C2.C5,-3.68
CCOc1ccc(C(C)(C)COCc2cccc(Oc3ccccc3)c2)cc1,BRICS.c17ccc%10cc1.c1%11cccc8c1.c19ccccc1.C%10(C)(C)C5.CC4.O47.O56.C6%11.O89,-8.6
Cc1ccccc1-n1c(C)nc2ccccc2c1=O,BRICS.n13c(C)nc2ccccc2c1=O.Cc1ccccc13,-2.925
N#CCCl,MMPA.N#C2.C12.Cl1,-0.092
CCOP(=S)(CC)Oc1cc(Cl)c(Cl)cc1Cl,BRICS.c13cc(Cl)c(Cl)cc1Cl.O2P(=S)(CC)O3.CC2,-5.752000000000001
C#CC1(O)CCC2C3CCC4=CC(=O)CCC4(C)C3CCC21C,MMPA.C156CCC2C3CCC4=CC(=O)CCC48C3CCC217.C#C6.O5.C8.C7,-5.66
c1ccnnc1,ATTACH.c15c2nnc4c13.[H]5.[H]3.[H]4.[H]2,1.1
Clc1cc(Cl)c(Cl)c(Cl)c1,MMPA.c12cc4c3c5c1.Cl2.Cl4.Cl3.Cl5,-4.63
CC1COC2CC3(C)C(CC4C5C=C6CC(O)CCC6(C)CC5CCC43C)OC2C1,HR.C17COC2CC38C(CC4C5C=C6CC9CCC6%10CC5CCC43%11)OC2C1.C7.C8.O9.C%10.C%11,-7.32
Nc1ccccc1O,ATTACH.c12c4c%10c6c7c18.N259.O38.[H]9.[H]5.[H]4.[H]%10.[H]6.[H]7.[H]3,-0.72
CCCCCCCCC(=O)OCC,BRICS.CCCCCCCCC1=O.O12.C2C,-3.8
COCC(=O)N(c1c(C)cccc1C)C(C)C(=O)OC,BRICS.c16c(C)cccc1C.C5(C)C2=O.C4C3=O.N356.CO4.O2C,-1.601
CNC(=O)Oc1ccccc1OC(C)C,BRICS.c15ccccc16.C23=O.C4(C)C.CN3.O25.O46,-2.05
CCC(C)Cl,MMPA.C234.C13.C1.C4.Cl2,-1.96
Oc1ccc2ccccc2c1,HR.c13ccc2ccccc2c1.O3,-2.28
CC(C)Oc1cc(-n2nc(C(C)(C)C)oc2=O)c(Cl)cc1Cl,BRICS.c14cc6c(Cl)cc1Cl.n16nc5oc1=O.C5(C)(C)C.CC3C.O34,-5.696000000000001
C#CCCCC,ATTACH.C9%1127.C%10%1425.C%10%1346.C8%1234.C#1%15.C#19.[H]%15.[H]%11.[H]7.[H]5.[H]%14.[H]6.[H]%13.[H]3.[H]%12.[H]8,-2.36
C#CCCCCCCC,MMPA.C#C4.C14.C15.C35.C36.C26.C27.C7,-4.24
Cc1ccccc1Cl,HR.c12ccccc13.C2.Cl3,-3.52
CC(C)OC(C)C,BRICS.CC1C.C2(C)C.O12,-1.1
Nc1ccc(S(=O)(=O)c2ccc(N)cc2)cc1,MMPA.c13ccc4cc1.c16ccc5cc1.S46(=O)=O.N3.N5,-3.094
CNN,ATTACH.C1356.N127.N248.[H]5.[H]3.[H]6.[H]7.[H]4.[H]8,1.34
C#CC,HR.C#C1.C1,-0.41
CCOP(=S)(OCC)ON=C(C#N)c1ccccc1,BRICS.O2P(=S)(O3)ON=C(C#N)c1ccccc1.CC2.C3C,-4.862
CCNP(=S)(OC)OC(C)=CC(=O)OC(C)C,BRICS.CCNP(=S)(OC)OC=3C.C=3C1=O.C2(C)C.O12,-3.408
C=CC=O,ROTATABLE.C=C1.C1=O,0.57
O=c1[nH]cnc2nc[nH]c12,ATTACH.C1=3c2c(nc5n24)N=C7N16.O=3.[H]6.[H]7.[H]5.[H]4,-2.296
Oc1ccc2ncccc2c1,MMPA.c13ccc2ncccc2c1.O3,-2.16
Fc1ccccc1,MMPA.c12ccccc1.F2,-1.8
CCCCl,HR.C12.C23.C1.Cl3,-1.47
CCOC(C)=O,BRICS.C1(C)=O.CC2.O12,-0.04
CCCC(C)(C)C,ROTATABLE.C1(C)(C)C.CC2.C12,-4.36
Cc1cc(C)c(C)c(C)c1C,HR.c12cc4c5c6c13.C2.C4.C5.C6.C3,-4.0
CC12CCC(CC1)C(C)(C)O2,HR.C123CCC(CC1)C45O2.C3.C4.C5,-1.64
CCCCOC(=O)CCCCCCCCC(=O)OCCCC,BRICS.C1(=O)CCCCCCCCC2=O.CCCC3.C4CCC.O13.O24,-3.896
Clc1ccc(-c2ccc(Cl)cc2)cc1,BRICS.Clc1ccc3cc1.c13ccc(Cl)cc1,-6.56
Cc1cccnc1C,MMPA.c12cccnc13.C2.C3,0.38
C=C(C)C1CC=C(C)C(=O)C1,MMPA.C14CC=C2C(=O)C1.C=C34.C3.C2,-2.06
CCOP(=S)(OCC)SCSc1ccc(Cl)cc1,BRICS.O2P(=S)(O3)SCS4.c14ccc(Cl)cc1.CC2.C3C,-5.736000000000001
COc1cc(C2c3cc4c(cc3C(OC3OC5COC(C)OC5C(O)C3O)C3COC(=O)C23)OCO4)cc(OC)c1O,BRICS.c17cc(C2c3cc4c(cc3C(O6)C3COC(=O)C23)OCO4)cc8c1O.C16OC2COC(C)OC2C(O)C1O.CO7.O8C,-3.571
c1cc2cccc3c4cccc5cccc(c(c1)c23)c54,ATTACH.c1%11c%13c2c7c%10c%12c3c4c8c9c%14c5c%16c%15c6c(c(c1%17)c23)c54.[H]%11.[H]%13.[H]7.[H]%10.[H]%12.[H]8.[H]9.[H]%14.[H]%16.[H]%15.[H]6.[H]%17,-8.804
Cc1ccc([N+](=O)[O-])cc1[N+](=O)[O-],ATTACH.c12c7c4c%13c9c1%11.C2%10%145.[N+]%12%13=3.[N+]7=86.O=3.[O-]%12.O=8.[O-]6.[H]%10.[H]5.[H]%14.[H]%11.[H]9.[H]4,-2.82
Brc1ccc2ccccc2c1,MMPA.c13ccc2ccccc2c1.Br3,-4.4
CNC(=O)Oc1cccc(N=CN(C)C)c1,BRICS.c14cccc(N=CN(C)C)c1.C23=O.CN3.O24,-2.34
COc1cnc2ncncc2n1,BRICS.c13cnc2ncncc2n1.CO3,-1.139
Cc1ccnc2c1NC(=O)c1cccnc1N2C1CC1,BRICS.Cc1ccnc2c1NC(=O)c1cccnc1N23.C13CC1,-3.19
CCOP(=S)(OCC)Oc1nc(Cl)n(C(C)C)n1,BRICS.O2P(=S)(O3)O4.c14nc(Cl)n5n1.C5(C)C.CC2.C3C,-3.658
C=CC(=C)C,MMPA.C12=C.C=C2.C1,-2.03
C=CC(C)(O)CCC=C(C)C,BRICS.C=CC(C)(O)CCC=1.C=1(C)C,-1.99
COP(=S)(OC)Oc1ccc(SC)c(C)c1,BRICS.c12ccc3c(C)c1.COP(=S)(O2)OC.S3C,-4.57
OC1CCCCC1,ATTACH.C12%12C9%13C83C%104C56C1%11%14.O27.[H]7.[H]%12.[H]%14.[H]%11.[H]6.[H]5.[H]%10.[H]4.[H]8.[H]3.[H]%13.[H]9,-0.44
C=CCC1(C)C(=O)NC(=O)NC1=O,BRICS.C12(C)C(=O)NC(=O)NC1=O.C=CC2,-1.16
CC12CCC3C(CCC4CC(O)CCC43C)C1CCC2=O,RECAP.CC12CCC3C(CCC4CC(O)CCC43C)C1CCC2=5.O=5,-4.16
OCC(O)C(O)C(O)C(O)CO,ATTACH.C1%19%24%15.C%12%19%13%16.C%12%23%14%17.C%23369.C579%10.C%20%258%10.O1%11.O2%13.O%14%18.O%213.O%225.O%204.[H]%11.[H]%15.[H]%24.[H]%16.[H]2.[H]%17.[H]%18.[H]6.[H]%21.[H]7.[H]%22.[H]%25.[H]8.[H]4,0.06
Cc1ccc(-c2ccccc2)cc1,BRICS.Cc1ccc3cc1.c13ccccc1,-4.62
CCNc1nc(Cl)nc(NC(C)C)n1,BRICS.c14nc5nc(Cl)n1.C3(C)C.CC2.N24.N35,-3.85
NC(=S)Nc1ccccc1,BRICS.c12ccccc1.NC(=S)N2,-1.77
CCCC(=O)CCC,MMPA.C26=O.C14.C24.C56.C35.C1.C3,-1.3
CC(=O)C(C)(C)C,HR.C2345.C14=O.C1.C2.C5.C3,-0.72
Oc1ccc(Cl)cc1,MMPA.c12ccc3cc1.O2.Cl3,-0.7
O=C1CCCCC1,RECAP.C1=2CCCCC1.O=2,-0.6
Cc1cccc(N)c1,ATTACH.c12c8c%11c7c%12c14.C26%103.N59%11.[H]3.[H]%10.[H]6.[H]4.[H]%12.[H]7.[H]9.[H]5.[H]8,-0.85
N#CC(Cl)(Cl)Cl,HR.C1234.N#C3.Cl1.Cl2.Cl4,-2.168
CNc1cnn(-c2cccc(C(F)(F)F)c2)c(=O)c1Cl,BRICS.c13cnn5c(=O)c1Cl.c15cccc4c1.C4(F)(F)F.CN3,-4.046
CCCCCCCCC(C)=O,RECAP.CCCCCCCCC=1C.O=1,-3.3
CCN(CC)c1nc(Cl)nc(NC(C)C)n1,BRICS.c15nc6nc(Cl)n1.N235.C4(C)C.CC2.C3C.N46,-3.785
CCOC(=O)c1ccc(N)cc1,BRICS.c14ccc(N)cc1.C24=O.CC3.O23,-2.616
Clc1ccc(Cl)c(Cl)c1,HR.c12ccc4c3c1.Cl2.Cl4.Cl3,-3.59
Cc1nnc2n1-c1ccc(Cl)cc1C(c1ccccc1Cl)=NC2,ATTACH.c13nnc2n1-c1c%13c6c%11c%15c1C5=NC2%127.c15c%14c%16c9c%18c18.C3%174%10.Cl%11.Cl%14.[H]4.[H]%10.[H]%17.[H]%13.[H]6.[H]%15.[H]8.[H]%18.[H]9.[H]%16.[H]7.[H]%12,-4.09
Oc1ccccc1O,HR.c12ccccc13.O2.O3,0.62
CCN1c2ncccc2C(=O)N(C)c2cccnc21,BRICS.N13c2ncccc2C(=O)N(C)c2cccnc21.CC3,-2.62
CSC,HR.S12.C1.C2,-0.45
Cc1ccccc1Br,HR.c12ccccc13.C2.Br3,-2.23
CCOC(N)=O,BRICS.C1(N)=O.CC2.O12,0.85
CC(=O)OC1(C(C)=O)CCC2C3C=C(C)C4=CC(=O)CCC4(C)C3CCC21C,BRICS.C167CCC2C3C=C(C)C4=CC(=O)CCC4(C)C3CCC21C.CC5=O.C7(C)=O.O56,-5.35
CC(C)C(O)C(C)C,ATTACH.C1%203%10.C1%17%215.C%17%237%15.C%1956%16.C%226%11%14.C%1249%14.C%18%222%13.O%198.[H]3.[H]%10.[H]%20.[H]%21.[H]%15.[H]%23.[H]7.[H]%16.[H]8.[H]%11.[H]%12.[H]4.[H]9.[H]2.[H]%13.[H]%18,-1.22
c1ccc2ccccc2c1,ATTACH.c15c6c9c2c4c7c3c8c2c1%10.[H]5.[H]6.[H]9.[H]4.[H]7.[H]3.[H]8.[H]%10,-3.6
CCNc1ccccc1,BRICS.c13ccccc1.CC2.N23,-1.7
O=C1NC(=O)C(c2ccccc2)(c2ccccc2)N1,BRICS.O=C1NC(=O)C34N1.c13ccccc1.c14ccccc1,-4.097
Cc1c2ccccc2c(C)c2c1ccc1ccccc12,ATTACH.c13c2c6c%17c%18c8c2c%16c2c1c%12c%19c1c7c%20c%11c%14c12.C3%1549.C%13%165%10.[H]4.[H]9.[H]%15.[H]6.[H]%17.[H]%18.[H]8.[H]%10.[H]%13.[H]5.[H]%12.[H]%19.[H]7.[H]%20.[H]%11.[H]%14,-7.02
CCOP(=S)(OCC)SC(CCl)N1C(=O)c2ccccc2C1=O,BRICS.N16C(=O)c2ccccc2C1=O.O3P(=S)(O4)S5.C56CCl.CC3.C4C,-6.34
COc1ccc(C(c2ccc(OC)cc2)C(Cl)(Cl)Cl)cc1,BRICS.c13ccc5cc1.c16ccc4cc1.C56C(Cl)(Cl)Cl.CO3.O4C,-6.89
O=C(NC(=O)c1c(F)cccc1F)Nc1cc(Cl)c(F)c(Cl)c1F,BRICS.c15cc(Cl)c(F)c(Cl)c1F.c16c(F)cccc1F.O=C23.C46=O.N24.N35,-7.28
CCCCC(=O)OCN1C(=O)NC(c2ccccc2)(c2ccccc2)C1=O,BRICS.N14C(=O)NC56C1=O.CCCCC3=O.c15ccccc1.c16ccccc1.O3C4,-4.678
CN(C)C(=O)Nc1ccc(Cl)cc1,BRICS.c14ccc(Cl)cc1.CN2C.C23=O.N34,-2.89
OC(Cn1cncn1)(c1ccc(F)cc1)c1ccccc1F,BRICS.c13ccc(F)cc1.c14ccccc1F.OC34C2.n12cncn1,-3.37
CC(=O)OCC(=O)C1(O)C(OC(C)=O)CC2C3CCC4=CC(=O)C=CC4(C)C3(F)C(O)CC21C,BRICS.C19(O)C8CC2C3CCC4=CC(=O)C=CC4(C)C3(F)C(O)CC21C.C7C9=O.CC5=O.C6(C)=O.O57.O68,-4.13
CCCCBr,HR.C12.C23.C34.C1.Br4,-2.37
Brc1cc(Br)c(Br)cc1Br,MMPA.c12cc5c4cc13.Br2.Br5.Br4.Br3,-6.98
CC(=O)CC(C)C,HR.C15=O.C234.C35.C1.C2.C4,-0.74
CCSC(=O)N(CC)C1CCCCC1,BRICS.C15CCCCC1.S4C2=O.N235.CC4.C3C,-3.4
COc1ccc(Cl)cc1,BRICS.c12ccc(Cl)cc1.CO2,-2.78
CC1(C)C(C=C(Br)Br)C1C(=O)OC(C#N)c1cccc(Oc2ccccc2)c1,BRICS.CC1(C)C7C1C=C(Br)Br.c18cccc5c1.c16ccccc1.C48C#N.C37=O.O34.O56,-8.402000000000001
C=CCC1(C(C)CC)C(=O)NC(=O)NC1=O,BRICS.C123C(=O)NC(=O)NC1=O.C3(C)CC.C=CC2,-2.016
COP(=S)(OC)Oc1ccc([N+](=O)[O-])c(C)c1,BRICS.c12ccc([N+](=O)[O-])c(C)c1.COP(=S)(O2)OC,-4.04
Ic1cccc2ccccc12,ATTACH.c13c%10c8c4c2c5c7c6c9c12.I3.[H]%10.[H]8.[H]4.[H]5.[H]7.[H]6.[H]9,-4.55
OCC(O)C(O)C(O)C(O)CO,ATTACH.C1%19%24%15.C%12%19%13%16.C%12%23%14%17.C%23369.C579%10.C%20%258%10.O1%11.O2%13.O%14%18.O%213.O%225.O%204.[H]%11.[H]%15.[H]%24.[H]%16.[H]2.[H]%17.[H]%18.[H]6.[H]%21.[H]7.[H]%22.[H]%25.[H]8.[H]4,1.09
CCS,MMPA.C12.C1.S2,-0.6
ClCC(Cl)Cl,ROTATABLE.C1(Cl)Cl.ClC1,-1.48
Cc1cc(OC(=O)N(C)C)n(-c2ccccc2)n1,BRICS.Cc1cc5n6n1.c16ccccc1.C34=O.N4(C)C.O35,-2.09
NC(=O)c1ccccc1O,BRICS.c12ccccc1O.NC2=O,-1.82
Cc1ccccc1[N+](=O)[O-],HR.c12ccccc13.[N+]34=O.C2.[O-]4,-2.33
CC(C)C1(C(C)C)C(=O)NC(=O)NC1=O,BRICS.C123C(=O)NC(=O)NC1=O.CC2C.C3(C)C,-2.766
CCc1ccccc1C,BRICS.c12ccccc1C.CC2,-3.21
CCCCCCCCl,ATTACH.C1%1848.C1%12%197.C%12%2169.C%16%209%15.C%162%11%14.C3%10%11%13.C%17%225%13.Cl%22.[H]4.[H]8.[H]%18.[H]%19.[H]7.[H]%21.[H]6.[H]%15.[H]%20.[H]%14.[H]2.[H]3.[H]%10.[H]%17.[H]5,-4.0
CCC1(CC)C(=O)NC(=O)NC1=O,BRICS.C123C(=O)NC(=O)NC1=O.CC2.C3C,-2.4
c1ccc(CCc2ccccc2)cc1,BRICS.c1ccc3cc1.c14ccccc1.C3C4,-4.62
ClC(Cl)C(Cl)Cl,MMPA.C124.C345.Cl1.Cl2.Cl3.Cl5,-1.74
CCN1c2cc(OC)cc(C)c2NC(=O)c2cccnc21,BRICS.N14c2cc3cc(C)c2NC(=O)c2cccnc21.CC4.O3C,-5.153
Cc1ccc2c(ccc3ccccc32)c1,HR.c14ccc2c(ccc3ccccc32)c1.C4,-5.84
CCCCOC(=O)c1ccccc1C(=O)OCCCC,BRICS.c16ccccc17.CCCC4.C5CCC.C26=O.C37=O.O24.O35,-4.4
COc1c(O)c(Cl)c(Cl)c(Cl)c1Cl,BRICS.c12c(O)c(Cl)c(Cl)c(Cl)c1Cl.CO2,-4.02
CCN(CC)C(=O)C(Cl)=CCOP(=O)(OC)OC,BRICS.O2P(=O)(OC)OC.C1(=O)C=5Cl.N134.C=5C2.CC3.C4C,0.523
CC12CCC3C(=CCc4cc(O)ccc43)C1CCC2=O,RECAP.CC12CCC3C(=CCc4cc(O)ccc43)C1CCC2=5.O=5,-5.282
CCOC(=O)c1ccccc1S(=O)(=O)NN(C=O)c1nc(Cl)cc(OC)n1,BRICS.c15ccccc1S(=O)(=O)NN(C=O)c1nc4cc(Cl)n1.C25=O.CC3.O23.O4C,-4.5760000000000005
COc1ccc([N+](=O)[O-])cc1,BRICS.c12ccc([N+](=O)[O-])cc1.CO2,-2.41
CCCCCCCl,MMPA.C14.C24.C25.C35.C36.C1.Cl6,-3.12
Clc1cc(-c2cc(Cl)c(Cl)c(Cl)c2Cl)c(Cl)c(Cl)c1Cl,BRICS.Clc1cc3c(Cl)c(Cl)c1Cl.c13cc(Cl)c(Cl)c(Cl)c1Cl,-9.16
OCC1OC(OCC2OC(OC3(CO)OC(CO)C(O)C3O)C(O)C(O)C2O)C(O)C(O)C1O,BRICS.C18OC6C(O)C(O)C1O.C19OC7C(O)C(O)C1O.C15%10OC%11C(O)C1O.OC8.O46.C49.O57.C%10O.C%11O,-0.41
CCCCCCCCCCCCCCCCCCCCCCCCCC,ROTATABLE.CC%17.C%17%10.C%19%10.C%19%13.C%13%14.C3%14.C3%16.C5%16.C15.C1%18.C%18%11.C%22%11.C%228.C8%15.C4%15.C%214.C%216.C69.C%209.C%207.C%237.C%232.C%122.C%12C,-8.334
CCN1c2ccccc2N(C)C(=O)c2cccnc21,BRICS.N13c2ccccc2N(C)C(=O)c2cccnc21.CC3,-3.324
CC(Cl)Cl,HR.C123.C1.Cl2.Cl3,-1.29
Nc1ccc(S(N)(=O)=O)cc1,MMPA.c12ccc3cc1.S3(N)(=O)=O.N2,-1.34
CCCN(CCC)c1c([N+](=O)[O-])cc(C(C)C)cc1[N+](=O)[O-],BRICS.c14c([N+](=O)[O-])cc5cc1[N+](=O)[O-].CCC2.N234.C3CC.C5(C)C,-6.49
ClC1C(Cl)C(Cl)C(Cl)C(Cl)C1Cl,MMPA.C12C3C6C4C7C15.Cl2.Cl3.Cl6.Cl4.Cl7.Cl5,-4.64
CCOP(=S)(NC(C)C)Oc1ccccc1C(=O)OC(C)C,BRICS.O3P(=S)(NC(C)C)O5.c15ccccc16.C26=O.C4(C)C.CC3.O24,-4.194
Clc1cccc(Cl)c1Cl,HR.c12cccc3c14.Cl2.Cl3.Cl4,-4.0
ClC(Cl)(Cl)Cl,HR.C1234.Cl1.Cl2.Cl3.Cl4,-2.31
O=[N+]([O-])c1ccc(Cl)c(Cl)c1,HR.c15ccc3c2c1.O=[N+]45.[O-]4.Cl3.Cl2,-3.2
OC1CCCCCCC1,MMPA.C12CCCCCCC1.O2,-1.29
CC12CCC(=O)C=C1CCC1C2CCC2(C)C1CCC2(C)O,RECAP.CC12CCC=3C=C1CCC1C2CCC2(C)C1CCC2(C)O.O=3,-3.999
CCOc1ccc(NC(N)=O)cc1,BRICS.c14ccc5cc1.C2(N)=O.CC3.O34.N25,-2.17
CC1CCC(C)CC1,ATTACH.C12%15C%128C%146C%197C3%10C1%169.C2%13%184.C%1757%11.[H]%18.[H]4.[H]%13.[H]%15.[H]9.[H]%16.[H]3.[H]%10.[H]%19.[H]5.[H]%11.[H]%17.[H]6.[H]%14.[H]8.[H]%12,-4.47
c1cnc2c(c1)ccc1ncccc12,ATTACH.c1%10c5nc2c(c6c%11c3nc8c4c9c32)c17.[H]%10.[H]5.[H]7.[H]6.[H]%11.[H]8.[H]4.[H]9,-2.68
COC(C)(C)C,BRICS.C1(C)(C)C.CO1,-0.24
CC=Cc1ccc(OC)cc1,BRICS.C=3c1ccc2cc1.CC=3.O2C,-3.13
CCCCCCCCCCCCCCCCO,ATTACH.C4%17%25%42.C8%17%20%26.C7%20%30%39.C1%47%18%39.C12%13%19.C3%13%15%41.C%12%15%28%36.C%45%28%35%46.C%48%27%38%46.C%48%21%31%44.C%10%21%22%33.C%11%22%32%40.C%235%24%40.C%23%346%14.C69%16%43.C%50%16%29%37.O%49%29.[H]4.[H]%42.[H]%25.[H]%26.[H]8.[H]%30.[H]7.[H]%18.[H]%47.[H]%19.[H]2.[H]3.[H]%41.[H]%12.[H]%36.[H]%45.[H]%35.[H]%38.[H]%27.[H]%44.[H]%31.[H]%33.[H]%10.[H]%32.[H]%11.[H]%24.[H]5.[H]%14.[H]%34.[H]9.[H]%43.[H]%50.[H]%37.[H]%49,-7.0
O=c1cc[nH]c(=O)[nH]1,ATTACH.C1=2C7=C4N3C=5N16.O=2.O=5.[H]7.[H]4.[H]3.[H]6,-1.4880000000000002
Nc1ncnc2nc[nH]c12,MMPA.c13ncnc2nc[nH]c12.N3,-2.12
Clc1cc(Cl)c(-c2cccc(Cl)c2Cl)cc1Cl,BRICS.Clc1cc(Cl)c3cc1Cl.c13cccc(Cl)c1Cl,-7.21
COc1ccc(C(O)(c2cncnc2)C2CC2)cc1,BRICS.c13ccc5cc1.c16cncnc1.C456O.C14CC1.CO3,-2.596
c1ccc2c(c1)-c1cccc3c1c-2cc1ccccc13,ATTACH.c14c9c%12c2c(c1%11)-c1c6c%14c7c3c1c-2c8c1c%15c%10c5c%13c13.[H]4.[H]9.[H]%12.[H]%11.[H]6.[H]%14.[H]7.[H]8.[H]%15.[H]%10.[H]5.[H]%13,-8.23
O=C(Nc1ccccc1)Nc1ccccc1,BRICS.c14ccccc1.c15ccccc1.O=C23.N24.N35,-3.15
CCC1(c2ccccc2)C(=O)NC(=O)NC1=O,BRICS.C134C(=O)NC(=O)NC1=O.c14ccccc1.CC3,-2.322
Clc1ccc(-c2cccc(Cl)c2Cl)cc1,BRICS.c13cccc(Cl)c1Cl.Clc1ccc3cc1,-6.29
CC(C)c1ccc(NC(=O)N(C)C)cc1,BRICS.c15ccc4cc1.CC5C.C23=O.N3(C)C.N24,-3.536
CCN(CC)C(=O)CSc1ccc(Cl)nn1,BRICS.c16ccc(Cl)nn1.C2(=O)C5.N234.CC3.C4C.S56,-1.716
CCC(C)(C)CO,ATTACH.C1%12%206.C1%15%169.C%14%1527.C%1847%10.C%14%173%11.C%1928%13.O58.[H]%12.[H]%20.[H]6.[H]9.[H]%16.[H]%10.[H]%18.[H]4.[H]%17.[H]3.[H]%11.[H]%13.[H]%19.[H]5,-1.04
CCCOC(=O)CCC,BRICS.C1(=O)CCC.CCC2.O12,-1.75
Cc1c([N+](=O)[O-])cc([N+](=O)[O-])cc1[N+](=O)[O-],ATTACH.c12c%14c%10c4c6c1%15.C2%1258.[N+]=%11%157.[N+]%13=34.[N+]=9%14%16.O=%11.[O-]7.O=3.[O-]%13.O=9.[O-]%16.[H]%12.[H]8.[H]5.[H]6.[H]%10,-3.22
CC(C)OP(=S)(OC(C)C)SCCNS(=O)(=O)c1ccccc1,BRICS.S6(=O)(=O)c1ccccc1.O2P(=S)(O3)S5.CC2C.C3(C)C.C5C4.N46,-4.2
C1CCCCCC1,ATTACH.C124C%11%12C%107C8%13C9%14C%155C136.[H]2.[H]4.[H]6.[H]3.[H]5.[H]%15.[H]%14.[H]9.[H]%13.[H]8.[H]%10.[H]7.[H]%11.[H]%12,-3.51
CCCOC=O,BRICS.CCC1.O1C=O,-0.49
Cc1ccccc1C(C)C,BRICS.Cc1ccccc12.C2(C)C,-3.76
Nc1cccc(Cl)c1,HR.c12cccc3c1.N2.Cl3,-1.37
CC(C)CC(C)C,ATTACH.C1%12%228.C1%162%13.C%16%203%11.C%1726%14.C%17%195%10.C%219%10%15.C%18%1947.[H]%12.[H]%22.[H]8.[H]%13.[H]3.[H]%11.[H]%20.[H]6.[H]%14.[H]5.[H]9.[H]%15.[H]%21.[H]7.[H]%18.[H]4,-4.26
c1ccc2c(c1)oc1ccccc12,ATTACH.c16c7c%11c2c(oc3c5c9c%10c4c32)c18.[H]6.[H]7.[H]%11.[H]8.[H]5.[H]9.[H]%10.[H]4,-4.6
CCOC1Oc2ccc(OS(C)(=O)=O)cc2C1(C)C,BRICS.C14Oc2ccc5cc2C1(C)C.O5S(C)(=O)=O.CC3.O34,-3.42
CN(C)C(=O)Nc1cccc(C(F)(F)F)c1,BRICS.c14cccc5c1.C5(F)(F)F.CN2C.C23=O.N34,-3.43
c1ccc2nc3ccccc3cc2c1,ATTACH.c1%10c4c5c2nc3c6c%11c7c%12c3c9c2c18.[H]%10.[H]4.[H]5.[H]6.[H]%11.[H]7.[H]%12.[H]9.[H]8,-3.67
CC12CCC(=O)C=C1CCC1C2C(=O)CC2(C)C1CCC2(O)C(=O)CO,BRICS.CC12CCC(=O)C=C1CCC1C2C(=O)CC2(C)C1CCC23O.C3(=O)CO,-3.11
OCC1OC(O)C(O)C(O)C1O,BRICS.C12OC(O)C(O)C(O)C1O.OC2,0.74
Cc1cccc(O)c1,MMPA.c12cccc3c1.C2.O3,-0.68
CC1Cc2ccccc2N1NC(=O)c1ccc(Cl)c(S(N)(=O)=O)c1,BRICS.CC1Cc2ccccc2N1NC3=O.c13ccc(Cl)c(S(N)(=O)=O)c1,-3.5860000000000003
CCC(C)C(=O)OC1CC(C)C=C2C=CC(C)C(CCC3CC(O)CC(=O)O3)C21,BRICS.C15CC(C)C=C2C=CC(C)C7C21.C16CC(O)CC(=O)O1.CCC(C)C4=O.C7C6.O45,-6.005
O=[N+]([O-])c1ccc([N+](=O)[O-])cc1,MMPA.c13ccc2cc1.O=[N+]3[O-].[N+]2(=O)[O-],-3.39
CCC1(C2=CCC3CCC2C3)C(=O)NC(=O)NC1=O,BRICS.C14(C2=CCC3CCC2C3)C(=O)NC(=O)NC1=O.CC4,-2.696
CCCCCCCCCC(=O)OCC,BRICS.CCCCCCCCCC1=O.O12.C2C,-4.1
CN(C)C(=O)Nc1ccccc1,BRICS.c14ccccc1.CN2C.C23=O.N34,-1.6
CCCOCC,BRICS.CCC1.O12.C2C,-0.66
CC(C)O,MMPA.C123.C1.C2.O3,0.43
Cc1ccc2ccccc2c1,MMPA.c13ccc2ccccc2c1.C3,-3.77
ClC(Br)Br,MMPA.C123.Cl1.Br2.Br3,-1.9
CCC(c1ccc(O)cc1)C(CC)c1ccc(O)cc1,BRICS.CCC2C3CC.c12ccc(O)cc1.c13ccc(O)cc1,-4.43
CCOC(=O)CC(SP(=S)(OC)OC)C(=O)OCC,BRICS.C1(=O)CC5C2=O.S5P(=S)(OC)OC.CC3.O13.O24.C4C,-3.37
ClCc1ccccc1,BRICS.c12ccccc1.ClC2,-2.39
C/C=C/C=O,BRICS.C=1C=O.CC=1,0.32
CON(C)C(=O)Nc1ccc(Br)c(Cl)c1,BRICS.c13ccc(Br)c(Cl)c1.CON(C)C2=O.N23,-3.924
Cc1c2ccccc2c(C)c2ccccc12,HR.c13c2ccccc2c4c2ccccc12.C3.C4,-6.57
CCCCCC(=O)OC,BRICS.CCCCCC1=O.O1C,-1.87
CN(C)C(=O)Nc1ccc(-n2nc(C(C)(C)C)oc2=O)c(Cl)c1,BRICS.c15ccc7c(Cl)c1.n17nc6oc1=O.C6(C)(C)C.CN3C.C34=O.N45,-4.328
CC(=O)Nc1ccc(F)cc1,BRICS.c13ccc(F)cc1.CC2=O.N23,-1.78
CCc1cccc(CC)c1N(COC)C(=O)CCl,BRICS.c14cccc5c13.N23COC.C2(=O)CCl.CC4.C5C,-3.26
C1=CCCCC1,ATTACH.C19=C%11C%103C58C47C126.[H]9.[H]%11.[H]3.[H]%10.[H]8.[H]5.[H]7.[H]4.[H]6.[H]2,-2.59
CC12CCC(=O)C=C1CCC1C2C(O)CC2(C)C1CCC2(O)C(=O)CO,BRICS.CC12CCC(=O)C=C1CCC1C2C(O)CC2(C)C1CCC23O.C3(=O)CO,-3.09
c1cncnc1,ATTACH.c15c2nc4nc13.[H]5.[H]3.[H]4.[H]2,1.1
O=[N+]([O-])c1ccc(Cl)cc1,MMPA.c13ccc2cc1.O=[N+]3[O-].Cl2,-2.92
CCC(=O)OC,BRICS.CCC1=O.O1C,-0.14
O=[N+]([O-])c1ccccc1Cl,HR.c14ccccc12.O=[N+]34.[O-]3.Cl2,-2.55
CCCCN(C)C(=O)Nc1ccc(Cl)c(Cl)c1,BRICS.c15ccc(Cl)c(Cl)c1.CCCC4.N24C.C23=O.N35,-4.77
CN1CC(O)N(c2nnc(C(C)(C)C)s2)C1=O,BRICS.CN1CC(O)N4C1=O.c14nnc3s1.C3(C)(C)C,-1.877
O=[N+]([O-])c1ccccc1,ATTACH.c19c5c7c4c8c16.[N+]=239.O=2.[O-]3.[H]5.[H]7.[H]4.[H]8.[H]6,-1.8
Ic1ccccc1,ATTACH.c12c5c3c7c4c16.I2.[H]5.[H]3.[H]7.[H]4.[H]6,-3.01
Cc1ccccc1N1C(=O)c2cc(S(N)(=O)=O)c(Cl)cc2NC1C,BRICS.N13C(=O)c2cc(S(N)(=O)=O)c(Cl)cc2NC1C.Cc1ccccc13,-3.78
COc1ccccc1OCC(O)COC(N)=O,BRICS.c15ccccc16.C3C(O)C4.C2(N)=O.CO5.O36.O24,-0.985
CCCCOCN(C(=O)CCl)c1c(CC)cccc1CC,BRICS.c14c5cccc16.O3CN24.CCCC3.C2(=O)CCl.C5C.C6C,-4.19
Oc1cccc(Cl)c1Cl,ATTACH.c12c5c8c6c4c17.O23.Cl4.Cl7.[H]3.[H]5.[H]8.[H]6,-1.3
CCCC(=O)OC,BRICS.CCCC1=O.O1C,-1.92
CCC(=O)Nc1ccc(Cl)c(Cl)c1,BRICS.c13ccc(Cl)c(Cl)c1.CCC2=O.N23,-3.0
Nc1nc(N)c2nc(-c3ccccc3)c(N)nc2n1,BRICS.Nc1nc(N)c2nc4c(N)nc2n1.c14ccccc1,-2.404
CCCCCC(=O)OCC,BRICS.CCCCCC1=O.O12.C2C,-2.35
OCC(O)C1OC2OC(C(Cl)(Cl)Cl)OC2C1O,BRICS.C13OC2OC4OC2C1O.OCC3O.C4(Cl)(Cl)Cl,-1.84
Cc1ccc(N=CN(C)C=Nc2ccc(C)cc2C)c(C)c1,MMPA.c13ccc4c6c1.c15ccc8cc17.N4=CN9C=N5.C3.C9.C8.C7.C6,-5.47
COc1nc(NC(C)C)nc(NC(C)C)n1,BRICS.c12nc5nc6n1.C3(C)C.C4(C)C.CO2.N35.N46,-2.478
C=CCCCCCC,HR.C=C4.C14.C15.C35.C36.C26.C2,-4.44
Cc1ccc(N)cc1,HR.c12ccc3cc1.C2.N3,-1.21
Nc1nccs1,HR.c12nccs1.N2,-0.36
CNC(=O)Oc1ccccc1,BRICS.c14ccccc1.C23=O.CN3.O24,-1.803
CCCC(O)CC,HR.C246.C13.C23.C56.C1.O4.C5,-0.8
Oc1c2ccccc2cc2ccccc12,HR.c13c2ccccc2cc2ccccc12.O3,-4.73
Cc1ccc2cc3ccccc3cc2c1,MMPA.c14ccc2cc3ccccc3cc2c1.C4,-6.96
Cc1cccc(C)c1C,HR.c12cccc3c14.C2.C3.C4,-3.2
CNC(=O)Oc1ccc(N(C)C)c(C)c1,BRICS.c14ccc5c(C)c1.C23=O.N5(C)C.CN3.O24,-2.36
CCCCCCCC(C)O,ROTATABLE.C2(C)O.CC4.C14.C15.C35.C36.C26,-2.74
CN(C(=O)NC(C)(C)c1ccccc1)c1ccccc1,BRICS.c16ccccc1.c15ccccc1.C46(C)C.CN25.C23=O.N34,-3.35
CCCC(=O)CC,ATTACH.C1%1125.C1%13%169.C%13%1778.C%1234%10.C%14%186%10.C=%1537.O=%15.[H]%11.[H]2.[H]5.[H]9.[H]%16.[H]8.[H]%17.[H]4.[H]%12.[H]%18.[H]6.[H]%14,-0.83
N#Cc1cc(Br)c(O)c(Br)c1,MMPA.c15cc2c3c4c1.N#C5.Br4.O3.Br2,-3.33
Clc1ccc(-c2ccccc2)cc1Cl,BRICS.Clc1ccc3cc1Cl.c13ccccc1,-6.39
CN(C(=O)COc1nc2ccccc2s1)c1ccccc1,BRICS.c15nc2ccccc2s1.c16ccccc1.C3(=O)C4.CN36.O45,-4.873
Oc1cccc2ncccc12,ATTACH.c13c6c5c7c2nc8c4c9c12.O3%10.[H]%10.[H]6.[H]5.[H]7.[H]8.[H]4.[H]9,-2.54
CC1=C(C(=O)Nc2ccccc2)SCCO1,BRICS.CC1=C(C3=O)SCCO1.c14ccccc1.N34,-3.14
CCOc1ccc2nc(S(N)(=O)=O)sc2c1,BRICS.c14ccc2nc(S(N)(=O)=O)sc2c1.CC3.O34,-3.81
Oc1c(Cl)c(Cl)c(Cl)c(Cl)c1Cl,ATTACH.c12c3c6c4c8c15.O27.Cl3.Cl6.Cl4.Cl8.Cl5.[H]7,-4.28
ClCBr,MMPA.C12.Cl1.Br2,-0.89
CCC1(CC)C(=O)NC(=O)N(C)C1=O,BRICS.C123C(=O)NC(=O)N(C)C1=O.CC2.C3C,-2.23
CC(=O)OCC(=O)C1CCC2C3CCC4=CC(=O)CCC4(C)C3CCC12C,BRICS.C17CCC2C3CCC4=CC(=O)CCC4(C)C3CCC12C.C6C7=O.CC5=O.O56,-4.63
NC(=O)NCc1ccccc1,BRICS.c14ccccc1.NC2=O.N23.C34,-0.95
Cc1ccc(NC(=O)N(C)C)cc1Cl,BRICS.Cc1ccc4cc1Cl.C23=O.N3(C)C.N24,-3.483
CON(C)C(=O)Nc1ccc(Cl)c(Cl)c1,BRICS.c13ccc(Cl)c(Cl)c1.CON(C)C2=O.N23,-3.592
OC1CCCCCC1,MMPA.C12CCCCCC1.O2,-0.88
CS(=O)(=O)c1ccc(C(O)C(CO)NC(=O)C(Cl)Cl)cc1,BRICS.CS(=O)(=O)c1ccc4cc1.C4(O)C3CO.C2(=O)C(Cl)Cl.N23,-2.154
CCCC(C)C1(CC)C(=O)NC(=S)NC1=O,BRICS.C123C(=O)NC(=S)NC1=O.CCCC2C.C3C,-3.36
CC(=O)Nc1nnc(S(N)(=O)=O)s1,BRICS.c13nnc(S(N)(=O)=O)s1.CC2=O.N23,-2.36
O=[N+]([O-])c1ccc(O)cc1,HR.c14ccc2cc1.O=[N+]34.[O-]3.O2,-0.74
ClC1=C(Cl)C2(Cl)C3C4C=CC(C4)C3C1(Cl)C2(Cl)Cl,MMPA.C15=C7C29C3C4C=CC(C4)C3C16C28%10.Cl5.Cl7.Cl9.Cl6.Cl8.Cl%10,-6.307
C1CCOC1,ATTACH.C158C49OC26C137.[H]8.[H]5.[H]7.[H]3.[H]6.[H]2.[H]9.[H]4,0.49
Nc1ccccc1[N+](=O)[O-],ROTATABLE.Nc1ccccc12.[N+]2(=O)[O-],-1.96
Clc1cccc(-c2cccc(Cl)c2Cl)c1Cl,BRICS.Clc1cccc3c1Cl.c13cccc(Cl)c1Cl,-7.28
CCCCC1C(=O)N(c2ccccc2)N(c2ccccc2)C1=O,BRICS.C13C(=O)N4N5C1=O.c14ccccc1.c15ccccc1.CCCC3,-3.81
Cc1c([N+](=O)[O-])cccc1[N+](=O)[O-],ATTACH.c12c7c3c8c%14c1%12.C2%11%134.[N+]=%10%126.[N+]7=95.O=%10.[O-]6.O=9.[O-]5.[H]%11.[H]4.[H]%13.[H]%14.[H]8.[H]3,-3.0
CC(=O)C1CCC2C3CCC4=CC(=O)CCC4(C)C3CCC12C,BRICS.C15CCC2C3CCC4=CC(=O)CCC4(C)C3CCC12C.CC5=O,-4.42
CCN(CC)c1nc(Cl)nc(N(CC)CC)n1,BRICS.c16nc7nc(Cl)n1.N236.N457.CC2.C3C.C4C.C5C,-4.4110000000000005
O=C1C2CC=CCC2C(=O)N1SC(Cl)(Cl)C(Cl)Cl,BRICS.O=C1C2CC=CCC2C(=O)N1S3.C3(Cl)(Cl)C(Cl)Cl,-5.4
Brc1ccc(Br)c(Br)c1,MMPA.c12ccc4c3c1.Br2.Br4.Br3,-4.5
O=C1Nc2ccc(Cl)cc2C(c2ccccc2)=NC1O,HR.O=C1Nc2ccc3cc2C4=NC15.c14ccccc1.Cl3.O5,-3.952
C=CCC1(C(C)CCC)C(=O)NC(=O)NC1=O,BRICS.C123C(=O)NC(=O)NC1=O.C3(C)CCC.C=CC2,-2.356
Cc1ccc(C(C)C)cc1O,BRICS.Cc1ccc2cc1O.C2(C)C,-2.08
O=C1CSC(=S)N1,RECAP.C1=2CSC(=S)N1.O=2,-1.77
O=c1c(O)c(-c2ccc(O)cc2O)oc2cc(O)cc(O)c12,BRICS.O=c1c(O)c3oc2cc(O)cc(O)c12.c13ccc(O)cc1O,-3.083
O=C1C2(Cl)C3(Cl)C4(Cl)C(Cl)(Cl)C5(Cl)C3(Cl)C1(Cl)C5(Cl)C24Cl,RECAP.C1=6C2(Cl)C3(Cl)C4(Cl)C(Cl)(Cl)C5(Cl)C3(Cl)C1(Cl)C5(Cl)C24Cl.O=6,-5.259
CCN(CC)C(=S)SSC(=S)N(CC)CC,BRICS.N12C(=S)SSC(=S)N34.CC1.C2C.C3C.C4C,-4.86
C1CCCCC1,ATTACH.C129C8%12C%10%13C%113C64C175.[H]9.[H]2.[H]7.[H]5.[H]6.[H]4.[H]3.[H]%11.[H]%13.[H]%10.[H]%12.[H]8,-3.1
ClC1=C(Cl)C(Cl)(C2(Cl)C(Cl)=C(Cl)C(Cl)=C2Cl)C(Cl)=C1Cl,ROTATABLE.ClC1=C(Cl)C3(Cl)C(Cl)=C1Cl.C13(Cl)C(Cl)=C(Cl)C(Cl)=C1Cl,-7.278
Cc1cc(Cl)ccc1N=CN(C)C,RECAP.Cc1cc(Cl)ccc12.N2=CN(C)C,-2.86
CC12CCc3c(ccc4cc(O)ccc34)C1CCC2=O,MMPA.C125CCc3c(ccc4cc6ccc34)C1CCC2=O.C5.O6,-5.24
CCCCCCCCO,ROTATABLE.CC4.C14.C15.C35.C36.C26.C2O,-2.39
CCSCC,BRICS.CC1.S12.C2C,-1.34
ClCCCl,ATTACH.C1367.C2345.Cl1.Cl2.[H]7.[H]6.[H]4.[H]5,-1.06
CCC(C)(C)Cl,MMPA.C2345.C14.C1.C2.C3.Cl5,-2.51
ClCCBr,HR.C12.C23.Cl1.Br3,-1.32
Nc1ccc([N+](=O)[O-])cc1,ROTATABLE.Nc1ccc2cc1.[N+]2(=O)[O-],-2.37
OCC1OC(OC2C(CO)OC(O)C(O)C2O)C(O)C(O)C1O,BRICS.C15OC3C(O)C(O)C1O.C14C6OC(O)C(O)C1O.OC5.O34.C6O,-0.244
CCN1C(=O)c2cccnc2N(CC)c2ncccc21,BRICS.CCN1C(=O)c2cccnc2N3c2ncccc21.C3C,-2.86
Clc1ccccc1,MMPA.c12ccccc1.Cl2,-2.38
C=CCCCCCCC,HR.C=C4.C14.C15.C35.C36.C26.C27.C7,-5.05
Brc1ccc(I)cc1,MMPA.c12ccc3cc1.Br2.I3,-4.56
CCC(C)(O)CC,ROTATABLE.C12(C)O.CC1.C2C,-0.36
CCCCCc1ccccc1,BRICS.c12ccccc1.CCCCC2,-4.64
NC(=O)NC1NC(=O)NC1=O,BRICS.C13NC(=O)NC1=O.NC2=O.N23,-1.6
O=C(OCC(O)CO)c1ccccc1Nc1ccnc2cc(Cl)ccc12,BRICS.c16ccnc2cc(Cl)ccc12.c17ccccc15.C4C(O)CO.O=C37.O34.N56,-4.571000000000001
Clc1ccc(C(c2ccc(Cl)cc2)C(Cl)Cl)cc1,BRICS.Clc1ccc3cc1.c14ccc(Cl)cc1.C34C(Cl)Cl,-7.2
CC(=O)OC1CCC2C3CCC4=CC(=O)CCC4(C)C3CCC12C,BRICS.C16CCC2C3CCC4=CC(=O)CCC4(C)C3CCC12C.CC5=O.O56,-5.184
Clc1cccc2ccccc12,MMPA.c13cccc2ccccc12.Cl3,-3.93
CCN1c2ccccc2C(=O)N(C)c2ccccc21,BRICS.N13c2ccccc2C(=O)N(C)c2ccccc21.CC3,-4.749
CCCCC(C)O,MMPA.C356.C14.C24.C25.C1.C3.O6,-0.89
CCCC1CCCC1,BRICS.C12CCCC1.CCC2,-4.74
CCOC(=O)c1cncn1C(C)c1ccccc1,BRICS.c14cncn15.c16ccccc1.C24=O.C56C.CC3.O23,-4.735
Oc1ccc(Cl)c(Cl)c1,HR.c12ccc4c3c1.O2.Cl4.Cl3,-1.25
CC1(C)C(C=C(Cl)Cl)C1C(=O)OC(C#N)c1cccc(Oc2ccccc2)c1,BRICS.CC1(C)C7C1C=C(Cl)Cl.c18cccc5c1.c16ccccc1.C48C#N.C37=O.O34.O56,-8.017000000000001
c1ccc2ocnc2c1,ATTACH.c16c5c7c2oc4nc2c13.[H]6.[H]5.[H]7.[H]4.[H]3,-1.16
CCCCCO,HR.C14.C24.C25.C35.C1.O3,-0.6
CCN(CC)c1ccccc1,BRICS.c14ccccc1.N234.CC2.C3C,-3.03
Fc1cccc(F)c1,ATTACH.c12c6c5c3c4c17.F2.F5.[H]7.[H]4.[H]3.[H]6,-2.0
N#CCCCl,ROTATABLE.N#CC1.C1Cl,-0.29
CC(C)(C)Cc1ccccc1,BRICS.c12ccccc1.CC(C)(C)C2,-4.15
CCC1(c2ccccc2)C(=O)NC(=O)NC1=O,BRICS.C134C(=O)NC(=O)NC1=O.c14ccccc1.CC3,-2.322
Clc1ccccc1I,MMPA.c12ccccc13.Cl2.I3,-3.54
c1ccc2[nH]nnc2c1,ATTACH.c13c5c7c2c(nnn26)c14.[H]3.[H]5.[H]7.[H]6.[H]4,-0.78
CNC(=O)Oc1cccc2c1OC(C)(C)C2,BRICS.c15cccc2c1OC(C)(C)C2.C34=O.CN4.O35,-2.8
Cc1cccc(C)c1O,HR.c12cccc3c14.C2.C3.O4,-1.29
CC(C)C(C)O,ATTACH.C1%10%167.C1%1123.C%11%13%178.C%12%1524.C%12%1459.O46.[H]7.[H]%10.[H]%16.[H]3.[H]%13.[H]%17.[H]8.[H]%15.[H]9.[H]%14.[H]5.[H]6,-0.18
OC(c1ccccc1)c1ccccc1,BRICS.c12ccccc1.c13ccccc1.OC23,-2.55
CCCCCCCCCC(=O)OC,BRICS.CCCCCCCCCC1=O.O1C,-4.69
COP(=S)(OC)Oc1ccc([N+](=O)[O-])cc1Cl,BRICS.c12ccc([N+](=O)[O-])cc1Cl.COP(=S)(O2)OC,-4.31
CC(C)CBr,MMPA.C123.C34.C1.C2.Br4,-2.43
CCI,ATTACH.C1457.C1236.I3.[H]7.[H]4.[H]5.[H]6.[H]2,-1.6
Cc1nc(N(C)C)nc(OC(=O)N(C)C)c1C,BRICS.Cc1nc5nc4c1C.N5(C)C.C23=O.N3(C)C.O24,-1.95
CCCCCCBr,ATTACH.C1%12%183.C1%13%158.C%13%1647.C%1424%10.C%14%1959.C%1756%11.Br6.[H]%12.[H]%18.[H]3.[H]8.[H]%15.[H]7.[H]%16.[H]2.[H]%10.[H]%19.[H]9.[H]%11.[H]%17,-3.81
CCCC(C)C,MMPA.C245.C13.C23.C1.C4.C5,-3.74
Cc1c(F)c(F)c(COC(=O)C2C(C=C(Cl)C(F)(F)F)C2(C)C)c(F)c1F,BRICS.Cc1c(F)c(F)c7c(F)c1F.C15C(C=6)C1(C)C.C=6(Cl)C(F)(F)F.C35=O.C47.O34,-7.321000000000001
CCc1cccc(C)c1N(C(=O)CCl)C(C)COC,BRICS.c16cccc(C)c15.C2(=O)CCl.C4(C)C3.N245.CC6.O3C,-2.73
O=[N+]([O-])c1ccc(C=NO)o1,ROTATABLE.c13ccc2o1.O=[N+]3[O-].C2=NO,-2.19
CC(C)C(Nc1ccc(C(F)(F)F)cc1Cl)C(=O)OC(C#N)c1cccc(Oc2ccccc2)c1,BRICS.c18ccc9cc1Cl.CC(C)C7C3=O.c1%10cccc5c1.c16ccccc1.C9(F)(F)F.C4%10C#N.N78.O34.O56,-8.003
Nc1nc[nH]n1,MMPA.c12nc[nH]n1.N2,0.522
BrC(Br)Br,HR.C123.Br1.Br2.Br3,-1.91
COP(=O)(OC)C(O)C(Cl)(Cl)Cl,HR.P34%10=O.C5692.C57%10.O14.O38.C1.C8.O7.Cl9.Cl6.Cl2,-0.22
CCOP(=S)(OCC)SCn1c(=O)oc2cc(Cl)ccc21,BRICS.n15c(=O)oc2cc(Cl)ccc21.O3P(=S)(O4)SC5.CC3.C4C,-5.233
OCc1ccccc1,BRICS.c12ccccc1.OC2,-0.4
O=c1oc2ccccc2c(O)c1C1CCCc2ccccc21,HR.O=c1oc2ccccc2c3c14.C14CCCc2ccccc21.O3,-2.84
Oc1ccc(Br)cc1,HR.c12ccc3cc1.O2.Br3,-1.09
CC(C)Br,ATTACH.C1469.C138%10.C3572.Br%10.[H]4.[H]9.[H]6.[H]8.[H]2.[H]7.[H]5,-1.59
CC(C)CC(C)(C)C,ATTACH.C1%224%11.C1%12%235.C%1229%15.C%20%255%17.C%20%246%14.C3%13%14%18.C%21%247%10.C%1968%16.[H]4.[H]%11.[H]%22.[H]%23.[H]%15.[H]2.[H]9.[H]%17.[H]%25.[H]%13.[H]%18.[H]3.[H]%10.[H]%21.[H]7.[H]%19.[H]8.[H]%16,-4.74
O=[N+]([O-])c1cc([N+](=O)[O-])cc([N+](=O)[O-])c1,ROTATABLE.c13cc2cc4c1.O=[N+]3[O-].[N+]4(=O)[O-].[N+]2(=O)[O-],-2.89
CN1C(=O)CN=C(c2ccccc2)c2cc([N+](=O)[O-])ccc21,ROTATABLE.CN1C(=O)CN=C4c2cc3ccc21.c14ccccc1.[N+]3(=O)[O-],-3.796
CCC,MMPA.C12.C1.C2,-1.94
Nc1cc(N2CCCCC2)nc(N)[n+]1[O-],BRICS.Nc1cc3nc(N)[n+]1[O-].N13CCCCC1,-1.989
Nc1cccc2nc3ccccc3cc12,MMPA.c14cccc2nc3ccccc3cc12.N4,-4.22
c1ccc2cc3c(cc2c1)-c1cccc2cccc-3c12,ATTACH.c19c%11c%13c2c8c3c(c7c2c1%12)-c1c%10c4c%15c2c%14c6c5c-3c12.[H]9.[H]%11.[H]%13.[H]8.[H]7.[H]%12.[H]%10.[H]4.[H]%15.[H]%14.[H]6.[H]5,-8.49
OC(c1ccc(Cl)cc1)(c1ccc(Cl)cc1)C(Cl)(Cl)Cl,BRICS.OC23C(Cl)(Cl)Cl.c12ccc(Cl)cc1.c13ccc(Cl)cc1,-5.666
c1cc2c3c(cccc3c1)CC2,ATTACH.c19c%10c2c3c(c7c6c8c3c1%13)C%125C24%11.[H]9.[H]%10.[H]7.[H]6.[H]8.[H]%13.[H]5.[H]%12.[H]4.[H]%11,-4.63
CCOP(=S)(OCC)SC(CCl)N1C(=O)c2ccccc2C1=O,BRICS.N16C(=O)c2ccccc2C1=O.O3P(=S)(O4)S5.C56CCl.CC3.C4C,-6.34
Brc1ccc(Br)cc1,MMPA.c12ccc3cc1.Br2.Br3,-4.07
Cn1c(=O)on(-c2ccc(Cl)c(Cl)c2)c1=O,BRICS.Cn1c(=O)on3c1=O.c13ccc(Cl)c(Cl)c1,-2.82
Oc1ccc(-c2ccccc2)cc1,BRICS.Oc1ccc3cc1.c13ccccc1,-3.48
CC1=C(C(=O)Nc2ccccc2)CCCO1,BRICS.CC1=C(C3=O)CCCO1.c14ccccc1.N34,-2.56
C=COCC,BRICS.C=CO1.C1C,-0.85
C#CCC,ATTACH.C3679.C2568.C#14.C#13.[H]4.[H]9.[H]7.[H]5.[H]2.[H]8,-1.24
COc1ncnc2nccnc12,BRICS.c13ncnc2nccnc12.CO3,-1.11
CCCCC(C)(O)CC,HR.C3467.C12.C25.C35.C78.C1.C6.O4.C8,-1.6
Clc1ccc(Cl)cc1,MMPA.c12ccc3cc1.Cl2.Cl3,-3.27
CC(=O)OCN1C(=O)NC(c2ccccc2)(c2ccccc2)C1=O,BRICS.N14C(=O)NC56C1=O.c15ccccc1.c16ccccc1.CC3=O.O3C4,-4.47
CSCS(=O)CC(CO)NC(=O)C=Cc1c(C)[nH]c(=O)[nH]c1=O,BRICS.C=4c1c(C)[nH]c(=O)[nH]c1=O.CSCS(=O)CC3CO.C2(=O)C=4.N23,-1.981
Cc1c[nH]c2ccccc12,HR.c13c[nH]c2ccccc12.C3,-2.42
COc1ncc2nccnc2n1,BRICS.c13ncc2nccnc2n1.CO3,-1.11
CNC(=O)Oc1ccccc1C1OCCO1,BRICS.c14ccccc15.C15OCCO1.C23=O.CN3.O24,-1.57
CC(C)CNC(=O)N1CCNC1=O,BRICS.N13CCNC1=O.CC(C)C4.C23=O.N24,-2.15
CC#N,HR.C1#N.C1,0.26
CCOC(=O)NCCOc1ccc(Oc2ccccc2)cc1,BRICS.c17ccc8cc1.c19ccccc1.C34=O.C%10C6.CC5.O35.N4%10.O67.O89,-4.7
CC(=O)N(c1onc(C)c1C)S(=O)c1ccc(N)cc1,BRICS.N23S(=O)c1ccc(N)cc1.c13onc(C)c1C.CC2=O,-3.59
ClCC(Cl)(Cl)Cl,HR.C2345.C14.Cl1.Cl2.Cl3.Cl5,-2.18
CCCCO,MMPA.C12.C23.C34.C1.O4,0.0
CC1CCCCC1NC(=O)Nc1ccccc1,BRICS.CC1CCCCC15.c14ccccc1.C23=O.N25.N34,-4.11
Clc1cc(Cl)cc(Cl)c1,HR.c12cc3cc4c1.Cl2.Cl4.Cl3,-4.48
O=Cc1ccco1,RECAP.C=2c1ccco1.O=2,-0.1
CC(C)CCO,HR.C135.C45.C24.C1.C3.O2,-0.51
O=Cc1ccc2c(c1)OCO2,HR.c13ccc2c(c1)OCO2.O=C3,-1.63
C=C(C)C,HR.C=C12.C1.C2,-2.33
O=Cc1ccccc1,ROTATABLE.c12ccccc1.O=C2,-1.19
C=C(C)C(=C)C,ROTATABLE.C=C1C.C1(=C)C,-2.4
CCOC(=O)CCN(SN(C)C(=O)Oc1cccc2c1OC(C)(C)C2)C(C)C,BRICS.c17cccc2c1OC(C)(C)C2.N89SN5C.C3(=O)CC8.C45=O.C9(C)C.CC6.O36.O47,-4.71
CN1C(=O)c2cccnc2Oc2ccccc21,MMPA.N13C(=O)c2cccnc2Oc2ccccc21.C3,-3.672
c1ccc2c(c1)Cc1ccccc1-2,ATTACH.c16c7c%12c2c(c1%11)C39c1c%10c4c5c8c1-2.[H]6.[H]7.[H]%12.[H]%11.[H]9.[H]3.[H]%10.[H]4.[H]5.[H]8,-5.0
CC1CCCCC1,ATTACH.C125C%14%15C%138C%10%16C%113C147.C29%126.[H]9.[H]6.[H]%12.[H]5.[H]7.[H]4.[H]3.[H]%11.[H]%16.[H]%10.[H]%13.[H]8.[H]%14.[H]%15,-3.85
N=C(N)NS(=O)(=O)c1ccc(N)cc1,BRICS.S2(=O)(=O)c1ccc(N)cc1.N=C(N)N2,-1.99
COC(=O)c1ccc(O)cc1,BRICS.c13ccc(O)cc1.C23=O.CO2,-1.827
CC1CCCO1,MMPA.C12CCCO1.C2,0.11
CC1=C2C3OC(=O)C(C)C3CCC2(C)C=CC1=O,RECAP.CC1=C2C3OC=4C(C)C3CCC2(C)C=CC1=5.O=4.O=5,-3.09
OCc1ccccc1OC1OC(CO)C(O)C(O)C1O,BRICS.C12OC4C(O)C(O)C1O.c15ccccc13.OC5.O23.C4O,-0.85
CCCI,HR.C12.C23.C1.I3,-2.29
CCNc1nc(NC(C)C)nc(SC)n1,BRICS.c14nc5nc6n1.C3(C)C.CC2.N24.N35.S6C,-3.04
CCCO,HR.C12.C23.C1.O3,0.62
CC(=O)C1(O)CCC2C3CCC4=CC(=O)CCC4(C)C3CCC21C,BRICS.C15(O)CCC2C3CCC4=CC(=O)CCC4(C)C3CCC21C.CC5=O,-3.817
CCCC(C)O,HR.C245.C13.C23.C1.C4.O5,-0.29
O=C(c1ccccc1)C(O)c1ccccc1,BRICS.c12ccccc1.c13ccccc1.O=C2C3O,-2.85
Cc1ccc(O)c(C)c1,ATTACH.c12c3c%12c%13c%14c15.C28%116.C7%10%144.O9%13.[H]%11.[H]8.[H]6.[H]3.[H]%12.[H]9.[H]4.[H]%10.[H]7.[H]5,-1.19
O=[N+]([O-])c1cccc(Cl)c1,HR.c13cccc4c1.O=[N+]23.[O-]2.Cl4,-2.77
Cc1c(N)c(=O)n(-c2ccccc2)n1C,BRICS.Cc1c(N)c(=O)n3n1C.c13ccccc1,-0.624
Clc1ccc(-c2cc(Cl)ccc2Cl)c(Cl)c1,BRICS.Clc1ccc3c(Cl)c1.c13cc(Cl)ccc1Cl,-6.57
ClC(Cl)=C(Cl)C(Cl)=C(Cl)Cl,RECAP.C=1(Cl)C=2Cl.ClC=1Cl.C=2(Cl)Cl,-4.92
CCNc1nc(NC(C)(C)C)nc(SC)n1,BRICS.c14nc5nc6n1.C3(C)(C)C.CC2.N24.N35.S6C,-4.0
CCC(C)CCO,HR.C234.C14.C35.C56.C1.C2.O6,-0.71
Cc1ncc2nccnc2n1,MMPA.c13ncc2nccnc2n1.C3,-0.12
C#CC1(O)CCC2C3CCC4=Cc5oncc5CC4(C)C3CCC21C,ATTACH.C1%14%26C%33%24C%16%27C2%22C3%28C%37%31C%36%30C4=C%21c5onc%10c5C7%29C49C3%32C%34%15C%35%20C12%11.C689%19.C%17%11%12%23.C#%13%18.C#%13%14.O%25%26.[H]%18.[H]%25.[H]%33.[H]%24.[H]%27.[H]%16.[H]%22.[H]%28.[H]%37.[H]%31.[H]%36.[H]%30.[H]%21.[H]%10.[H]7.[H]%29.[H]%19.[H]8.[H]6.[H]%32.[H]%15.[H]%34.[H]%35.[H]%20.[H]%23.[H]%12.[H]%17,-5.507000000000001
CCCCI,ATTACH.C16%112.C17%105.C79%124.C8%12%133.I8.[H]2.[H]%11.[H]6.[H]%10.[H]5.[H]9.[H]4.[H]3.[H]%13,-2.96
Brc1ccc2ccccc2c1,MMPA.c13ccc2ccccc2c1.Br3,-4.4
CC1OC(OC2C(O)CC(OC3C(O)CC(OC4CCC5(C)C(CCC6C5CC(O)C5(C)C(C7=CC(=O)OC7)CCC65O)C4)OC3C)OC2C)CC(O)C1O,BRICS.C1%13CCC2(C)C(CCC3C2CC(O)C2(C)C(C4=CC(=O)OC4)CCC32O)C1.CC1OC8CC(O)C1O.C1%11C(O)CC9OC1C.C1%12C(O)CC%10OC1C.O8%11.O9%12.O%10%13,-4.081
FC(F)(F)c1ccccc1,BRICS.c12ccccc1.FC2(F)F,-2.51
CCCCCCOC(=O)c1ccccc1C(=O)OCCCCCC,BRICS.c16ccccc17.CCCCCC4.C5CCCCC.C26=O.C37=O.O24.O35,-6.144
c1ccc2c(c1)sc1ccccc12,ATTACH.c16c7c%11c2c(sc3c5c9c%10c4c32)c18.[H]6.[H]7.[H]%11.[H]8.[H]5.[H]9.[H]%10.[H]4,-4.38
Clc1ccc(-c2ccc(Cl)c(Cl)c2Cl)c(Cl)c1,BRICS.c13ccc(Cl)c(Cl)c1Cl.Clc1ccc3c(Cl)c1,-7.8
Clc1ccc(-c2ccc(Cl)c(Cl)c2Cl)c(Cl)c1Cl,BRICS.Clc1ccc3c(Cl)c1Cl.c13ccc(Cl)c(Cl)c1Cl,-8.01
CC(=O)CC(c1ccccc1)c1c(O)c2ccccc2oc1=O,BRICS.c14c(O)c2ccccc2oc1=O.CC(=O)CC34.c13ccccc1,-3.893
OC(c1ccccc1)C(O)c1ccccc1,BRICS.c12ccccc1.c13ccccc1.OC2C3O,-1.93
COC(=O)c1ccccc1C(=O)OC,BRICS.c14ccccc15.C24=O.C35=O.CO2.O3C,-1.66
CCCCCCCC(=O)OCC,BRICS.CCCCCCCC1=O.O12.C2C,-3.39
CCSSCC,BRICS.S1S2.CC1.C2C,-2.42
CCOCCOCC,BRICS.C2C3.CC1.O12.O34.C4C,-0.77
Clc1cc(Cl)c(Cl)cc1Cl,MMPA.c12cc5c4cc13.Cl2.Cl5.Cl4.Cl3,-5.56
Nc1ccc(-c2ccc(N)cc2)cc1,BRICS.Nc1ccc3cc1.c13ccc(N)cc1,-2.7
C=CCCCCC,ATTACH.C%15%1748.C%16%198%13.C%16%189%11.C%2079%10.C%1236%10.C=1%142.C=1%155.[H]%14.[H]2.[H]5.[H]%17.[H]4.[H]%13.[H]%19.[H]%11.[H]%18.[H]%20.[H]7.[H]%12.[H]3.[H]6,-3.73
CCCCc1c(C)nc(NCC)[nH]c1=O,BRICS.c14c(C)nc3[nH]c1=O.CCCC4.N23.C2C,-3.028
CCCC(C)C1(CC)C(=O)NC(=O)NC1=O,BRICS.C123C(=O)NC(=O)NC1=O.CCCC2C.C3C,-2.39
Nc1ccccc1Cl,MMPA.c12ccccc13.N2.Cl3,-1.52
COc1cccc(Cl)c1,BRICS.c12cccc(Cl)c1.CO2,-2.78
CCCCN(CC)C(=O)SCCC,BRICS.CCCC2.C1(=O)S4.N123.C4CC.C3C,-3.53
CCCCOC=O,BRICS.CCCC1.O1C=O,-1.37
CC12C=CC(=O)C=C1CCC1C2C(O)CC2(C)C1CCC2(O)C(=O)CO,BRICS.CC12C=CC(=O)C=C1CCC1C2C(O)CC2(C)C1CCC23O.C3(=O)CO,-3.18
ClC(Cl)Br,MMPA.C123.Cl1.Cl2.Br3,-1.54
CC12CC(=O)C3C(CCC4=CC(=O)CCC43C)C1CCC2=O,RECAP.CC12CC=6C3C(CCC4=CC=5CCC43C)C1CCC2=7.O=6.O=5.O=7,-3.48
c1ccc(-c2ccc(-c3ccccc3)cc2)cc1,BRICS.c14ccc5cc1.c1ccc4cc1.c15ccccc1,-7.11
O=Cc1ccc(O)cc1,RECAP.C=2c1ccc(O)cc1.O=2,-0.96
CBr,ATTACH.C1234.Br1.[H]2.[H]3.[H]4,-0.79
Cc1cc(S(=O)(=O)c2ccccc2)ccc1NS(=O)(=O)C(F)(F)F,BRICS.Cc1cc(S(=O)(=O)c2ccccc2)ccc14.S3(=O)(=O)C(F)(F)F.N34,-3.8
CC(=O)CC(c1ccc(Cl)cc1)c1c(O)c2ccccc2oc1=O,BRICS.c14c(O)c2ccccc2oc1=O.c13ccc(Cl)cc1.CC(=O)CC34,-5.839
CCc1ccc2ccccc2c1,BRICS.c13ccc2ccccc2c1.CC3,-4.29
Cc1c[nH]c(=O)nc1N,HR.c12c[nH]c(=O)nc13.C2.N3,-1.4580000000000002
Clc1c(Cl)c(Cl)c(-c2ccccc2)c(Cl)c1Cl,BRICS.Clc1c(Cl)c(Cl)c3c(Cl)c1Cl.c13ccccc1,-7.92
O=C(Nc1ccccc1)c1ccccc1I,BRICS.c14ccccc1I.c13ccccc1.O=C24.N23,-4.21
Cc1cc2nc3c(=O)[nH]c(=O)nc-3n(CC(O)C(O)C(O)CO)c2cc1C,BRICS.Cc1cc2nc3c(=O)[nH]c(=O)nc-3n4c2cc1C.C4C(O)C(O)C(O)CO,-3.685
Fc1ccccc1Br,MMPA.c12ccccc13.F2.Br3,-2.7
Oc1ccc(Cl)cc1Cl,MMPA.c12ccc3cc14.O2.Cl3.Cl4,-1.55
CC1(C)C(C=C(Cl)Cl)C1C(=O)OCc1cccc(Oc2ccccc2)c1,BRICS.CC1(C)C7C1C=C(Cl)Cl.c18cccc5c1.c16ccccc1.C37=O.O34.C48.O56,-6.291
CN1C(C(=O)Nc2ccccn2)=C(O)c2ccccc2S1(=O)=O,BRICS.CN1C(C3=O)=C(O)c2ccccc2S1(=O)=O.c14ccccn1.N34,-4.16
CCC(=O)OCN1C(=O)NC(c2ccccc2)(c2ccccc2)C1=O,BRICS.N14C(=O)NC56C1=O.c15ccccc1.c16ccccc1.CCC3=O.O3C4,-4.907
C1CCCC1,ATTACH.C169C58C47C%113C12%10.[H]9.[H]6.[H]8.[H]5.[H]7.[H]4.[H]3.[H]%11.[H]2.[H]%10,-2.64
Cc1ccccc1N,HR.c12ccccc13.C2.N3,-2.21
C=CCc1ccc(OC)cc1,BRICS.c13ccc2cc1.C=CC3.O2C,-2.92
CN(C)C(=O)Nc1cccc(OC(=O)NC(C)(C)C)c1,BRICS.c18cccc6c1.C7(C)(C)C.CN3C.C34=O.C25=O.N48.O26.N57,-2.93
C=CC(C)C,HR.C123.C=C3.C1.C2,-2.73
Oc1ccccn1,MMPA.c12ccccn1.O2,1.02
CC,ATTACH.C1247.C1356.[H]2.[H]7.[H]4.[H]5.[H]6.[H]3,-1.36
Clc1ccccc1Cl,ATTACH.c12c4c5c3c6c17.Cl2.Cl4.[H]7.[H]6.[H]3.[H]5,-3.05
Sc1nc2ccccc2s1,MMPA.c13nc2ccccc2s1.S3,-3.18
Clc1c(Cl)c(Cl)c(-c2c(Cl)c(Cl)c(Cl)c(Cl)c2Cl)c(Cl)c1Cl,BRICS.Clc1c(Cl)c(Cl)c3c(Cl)c1Cl.c13c(Cl)c(Cl)c(Cl)c(Cl)c1Cl,-11.6
COc1c2occc2cc2ccc(=O)oc12,BRICS.c13c2occc2cc2ccc(=O)oc12.CO3,-3.664
CC(N)=O,MMPA.C1(N)=O.C1,1.58
Cc1cccc2ccccc12,MMPA.c13cccc2ccccc12.C3,-3.7
CCN(CC)C(=O)C(C)Oc1cccc2ccccc12,BRICS.c15cccc2ccccc12.C3(=O)C4C.N367.CC6.C7C.O45,-3.57
CC(O)C(C)(C)C,ROTATABLE.C1(C)(C)C.CC1O,-0.62
CCCC(=O)OCC,BRICS.CCCC1=O.O12.C2C,-1.36
CC1=CC(=O)c2ccccc2C1=O,ATTACH.c13c8c=6c2c9c4c%11c5c2c1=%10.C37%12%13.O=6.O=%10.[H]7.[H]%13.[H]%12.[H]8.[H]9.[H]4.[H]%11.[H]5,-3.03
c1ccc2c(c1)ccc1ccccc12,ATTACH.c1%13c8c9c2c(c4c%11c3c5c6c%12c7c32)c1%10.[H]%13.[H]8.[H]9.[H]%10.[H]4.[H]%11.[H]5.[H]6.[H]%12.[H]7,-5.26
Cc1ccnc(C)c1,ATTACH.c12c7c%11nc%12c14.C2693.C58%10%11.[H]3.[H]9.[H]6.[H]4.[H]%12.[H]%10.[H]8.[H]5.[H]7,0.38
CCCCCCCCCO,HR.C12.C24.C34.C36.C68.C58.C59.C79.C1.O7,-3.01
BrCBr,HR.C12.Br1.Br2,-1.17
CC1CC2C3CCC4=CC(=O)C=CC4(C)C3(F)C(O)CC2(C)C1(O)C(=O)CO,BRICS.CC1CC2C3CCC4=CC(=O)C=CC4(C)C3(F)C(O)CC2(C)C15O.C5(=O)CO,-3.59
Cc1ccc2cc(C)ccc2c1,HR.c13ccc2cc4ccc2c1.C3.C4,-4.89
CCSC(=O)N(CC(C)C)CC(C)C,BRICS.S4C1=O.C2C(C)C.C3C(C)C.N123.CC4,-3.68
O=[N+]([O-])OCC(CO[N+](=O)[O-])O[N+](=O)[O-],BRICS.C1C3C2.O=[N+]([O-])O1.O2[N+](=O)[O-].O3[N+](=O)[O-],-2.22
Nc1cccc([N+](=O)[O-])c1,MMPA.c12cccc3c1.[N+]3(=O)[O-].N2,-2.19
CCCCCl,ATTACH.C16%112.C17%105.C79%124.C8%12%133.Cl8.[H]2.[H]%11.[H]6.[H]%10.[H]5.[H]9.[H]4.[H]3.[H]%13,-2.03
O=CNC(N1C=CN(C(NC=O)C(Cl)(Cl)Cl)C=C1)C(Cl)(Cl)Cl,BRICS.N13C=CN4C=C1.C23C(Cl)(Cl)Cl.C45C(Cl)(Cl)Cl.O=CN2.N5C=O,-4.19
Cn1cc(-c2ccccc2)c(=O)c(-c2cccc(C(F)(F)F)c2)c1,BRICS.Cn1cc4c(=O)c5c1.c15cccc3c1.c14ccccc1.C3(F)(F)F,-4.445
Nc1cc2c3ccccc3ccc2c2ccccc12,MMPA.c14cc2c3ccccc3ccc2c2ccccc12.N4,-6.2
CC12CCC3c4ccc(O)cc4CCC3C1CCC2=O,ATTACH.C125C=%14C%29%19C%25%12C19C1%23C7%15C%16%17c3c%22c%28c%24c8c3C16C%27%13C2%11%21.C5%26%10%18.O%28%20.O=%14.[H]%10.[H]%18.[H]%26.[H]%11.[H]%21.[H]%27.[H]%13.[H]6.[H]8.[H]%24.[H]%20.[H]%22.[H]%17.[H]%16.[H]7.[H]%15.[H]%23.[H]9.[H]%25.[H]%12.[H]%19.[H]%29,-3.955
CCN1c2ccccc2N(C)C(=S)c2cccnc21,BRICS.N13c2ccccc2N(C)C(=S)c2cccnc21.CC3,-4.706
CC1CO1,HR.C12CO1.C2,-0.59
O=C1CN=C(c2ccccc2)c2cc([N+](=O)[O-])ccc2N1,ATTACH.C1=3N%10c2c%16c%11c%18c%13c2C6=NC1%148.c16c4c%17c7c%15c15.[N+]%12%18=9.O=3.O=9.[O-]%12.[H]8.[H]%14.[H]5.[H]%15.[H]7.[H]%17.[H]4.[H]%13.[H]%11.[H]%16.[H]%10,-3.796
CCNC(=S)NCC,BRICS.N1C(=S)N2.CC1.C2C,-1.46
Oc1cc(Cl)cc(Cl)c1Cl,ATTACH.c12c4c3c8c6c17.O25.Cl6.Cl3.Cl4.[H]5.[H]7.[H]8,-2.67
CCCCC(=O)OC,BRICS.CCCCC1=O.O1C,-1.34
Nc1ccccc1,MMPA.c12ccccc1.N2,-0.41
Cc1cccc2c(C)cccc12,MMPA.c13cccc2c4cccc12.C3.C4,-4.678999999999999
NS(=O)(=O)c1cc2c(cc1Cl)NCNS2(=O)=O,HR.c15cc2c(cc14)NCNS2(=O)=O.S35(=O)=O.N3.Cl4,-2.63
C1=Cc2cccc3cccc1c23,ATTACH.C17=C9c2c4c8c%10c3c5c%11c6c1c23.[H]7.[H]9.[H]4.[H]8.[H]%10.[H]5.[H]%11.[H]6,-3.96
CCCCCOC(=O)CC,BRICS.CCCCC2.C1(=O)CC.O12,-1.28
CCNc1nc(NC(C)C)nc(OC)n1,BRICS.c15nc2nc6n1.C4(C)C.CC3.N35.N46.O2C,-2.084
c1ccc2c(c1)cc1ccc3cccc4ccc2c1c34,ATTACH.c15c%10c%15c2c(c1%12)c%11c1c6c8c3c7c%14c%13c4c9c%16c2c1c43.[H]5.[H]%10.[H]%15.[H]%12.[H]%11.[H]6.[H]8.[H]7.[H]%14.[H]%13.[H]9.[H]%16,-8.699
CCBr,MMPA.C12.C1.Br2,-1.09
CCC#CCC,ATTACH.C18%146.C1%1047.C%11%1335.C9%1223.C%10#%15.C%11#%15.[H]%14.[H]8.[H]6.[H]7.[H]4.[H]5.[H]%13.[H]2.[H]%12.[H]9,-1.99
CC1OC(OC2C(O)CC(OC3C(O)CC(OC4CCC5(C)C(CCC6C5CCC5(C)C(C7=CC(=O)OC7)CCC65O)C4)OC3C)OC2C)CC(O)C1O,BRICS.C1%13CCC2(C)C(CCC3C2CCC2(C)C(C4=CC(=O)OC4)CCC32O)C1.CC1OC8CC(O)C1O.C1%11C(O)CC9OC1C.C1%12C(O)CC%10OC1C.O8%11.O9%12.O%10%13,-5.292999999999999
C=C(C)CC,MMPA.C=C12.C23.C1.C3,-2.73
Oc1cccc2cccnc12,ATTACH.c13c8c7c9c2c4c6c5nc12.O3%10.[H]%10.[H]8.[H]7.[H]9.[H]4.[H]6.[H]5,-2.42
c1ccc2c(c1)CCCC2,ATTACH.c18c9c4c2c(c1%12)C7%11C3%10C%145C2%136.[H]8.[H]9.[H]4.[H]%12.[H]%11.[H]7.[H]%10.[H]3.[H]5.[H]%14.[H]6.[H]%13,-4.37
O=C1OC(c2ccc(O)cc2)(c2ccc(O)cc2)c2ccccc21,HR.O=C1OC46c2ccccc21.c14ccc5cc1.c16ccc3cc1.O5.O3,-2.9
Brc1cc(Br)cc(Br)c1,HR.c12cc3cc4c1.Br2.Br4.Br3,-5.6
COP(=S)(OC)Oc1cc(Cl)c(Cl)cc1Cl,BRICS.c12cc(Cl)c(Cl)cc1Cl.COP(=S)(O2)OC,-5.72
Cc1cc(=O)[nH]c(=S)[nH]1,ATTACH.C12=C9C=5N7C=8N13.C246%10.O=5.S=8.[H]6.[H]4.[H]%10.[H]9.[H]7.[H]3,-2.436
C=CCc1ccc(O)c(OC)c1,BRICS.c13ccc(O)c2c1.C=CC3.O2C,-1.56
C=CCC1(C(C)C)C(=O)NC(=O)NC1=O,BRICS.C123C(=O)NC(=O)NC1=O.C=CC2.C3(C)C,-1.7080000000000002
c1cc2ccc3cccc4ccc(c1)c2c34,ATTACH.c18c%12c2c6c7c3c9c5c%13c4c%10c%11c(c1%14)c2c34.[H]8.[H]%12.[H]6.[H]7.[H]9.[H]5.[H]%13.[H]%10.[H]%11.[H]%14,-6.176
CCOC(C)OCC,BRICS.C23C.CC1.O12.O34.C4C,-0.43
CC1(C)CON(Cc2ccccc2Cl)C1=O,BRICS.CC1(C)CON3C1=O.c14ccccc1Cl.C34,-2.338
CCCCOCCO,BRICS.CCCC1.C2CO.O12,-0.42
O=[N+]([O-])c1c(Cl)c(Cl)c(Cl)c(Cl)c1Cl,ROTATABLE.c12c(Cl)c(Cl)c(Cl)c(Cl)c1Cl.O=[N+]2[O-],-5.82
CC12CCC3C(CCC4CC(O)CCC43C)C1CCC2=O,ATTACH.C12%13C=%19C%35%14C8%21C1%12C1%30C%27%24C%33%23C3%32C6%31C5%15C%36%18C%169C3%11C1%26C%17%28C2%37%22.C%38%13%20%29.C%34%10%11%25.O7%15.O=%19.[H]%29.[H]%20.[H]%38.[H]%37.[H]%22.[H]%28.[H]%17.[H]%26.[H]%30.[H]%27.[H]%24.[H]%33.[H]%23.[H]%32.[H]6.[H]%31.[H]5.[H]7.[H]%18.[H]%36.[H]9.[H]%16.[H]%25.[H]%10.[H]%34.[H]%12.[H]%21.[H]8.[H]%14.[H]%35,-4.402
O=C1C(Cl)C(CCl)CN1c1cccc(C(F)(F)F)c1,BRICS.O=C1C(Cl)C2CN14.c14cccc3c1.C3(F)(F)F.C2Cl,-4.047
c1ccc2ncccc2c1,ATTACH.c14c7c5c2nc9c8c6c2c13.[H]4.[H]7.[H]5.[H]9.[H]8.[H]6.[H]3,-1.3
COC(=O)c1cc(O)c(O)c(O)c1,BRICS.c13cc(O)c(O)c(O)c1.C23=O.CO2,-1.24
OC(Cn1cncn1)(Cn1cncn1)c1ccc(F)cc1F,BRICS.c14ccc(F)cc1F.OC4(C2)C3.n12cncn1.n13cncn1,-1.8
O=c1[nH]c2cc(Cl)ccc2o1,ATTACH.C1=3Oc2c4c8c5c7c2N16.O=3.Cl5.[H]6.[H]7.[H]8.[H]4,-2.8310000000000004
Clc1ccc(-c2c(Cl)c(Cl)c(Cl)c(Cl)c2Cl)c(Cl)c1,BRICS.c13c(Cl)c(Cl)c(Cl)c(Cl)c1Cl.Clc1ccc3c(Cl)c1,-7.92
O=C1NC(=O)C(=O)C(=O)N1,ATTACH.C1=2N5C=7C=4C=3N16.O=2.O=3.O=4.O=7.[H]6.[H]5,-1.25
ClCCCCl,ATTACH.C136%10.C3582.C4789.Cl1.Cl4.[H]6.[H]%10.[H]5.[H]2.[H]9.[H]7,-1.62
Fc1cccc(Br)c1,ATTACH.c12c6c5c3c4c17.F2.Br5.[H]7.[H]4.[H]3.[H]6,-2.67
Clc1ccc(Br)cc1,HR.c12ccc3cc1.Cl2.Br3,-3.63
CC(C)C(C)C,ROTATABLE.CC1C.C1(C)C,-3.65
C=CCC,RECAP.C=1CC.C=1,-1.94
Clc1ccc(Cl)c(-c2cc(Cl)c(Cl)c(Cl)c2Cl)c1,BRICS.c13cc(Cl)c(Cl)c(Cl)c1Cl.Clc1ccc(Cl)c3c1,-7.68
Nc1cc[nH]c(=O)n1,MMPA.c12cc[nH]c(=O)n1.N2,-1.155
FC(F)(Cl)C(F)(Cl)Cl,ROTATABLE.FC1(F)Cl.C1(F)(Cl)Cl,-3.04
CCC#N,ATTACH.C1358.C1247.C2#6.N#6.[H]3.[H]8.[H]5.[H]7.[H]4,0.28
Clc1ccc(C(c2ccccc2Cl)C(Cl)Cl)cc1,BRICS.Clc1ccc3cc1.c14ccccc1Cl.C34C(Cl)Cl,-6.51
COc1ccccc1[N+](=O)[O-],BRICS.c12ccccc1[N+](=O)[O-].CO2,-1.96
CC12CCC3C(CC=C4CC(O)CCC43C)C1CCC2=O,RECAP.CC12CCC3C(CC=C4CC(O)CCC43C)C1CCC2=5.O=5,-4.12
CC12CC1(C)C(=O)N(c1cc(Cl)cc(Cl)c1)C2=O,BRICS.CC12CC1(C)C(=O)N3C2=O.c13cc(Cl)cc(Cl)c1,-4.8
c1cc2ccc3ccc4ccc5cccc6c(c1)c2c3c4c56,ATTACH.c1%16c%17c2c%11c%15c3c%18c%12c4c%13c8c5c%10c9c%14c6c(c17)c2c3c4c56.[H]%16.[H]%17.[H]%11.[H]%15.[H]%18.[H]%12.[H]%13.[H]8.[H]%10.[H]9.[H]%14.[H]7,-9.018
CCC(C)c1cc([N+](=O)[O-])cc([N+](=O)[O-])c1O,BRICS.c12cc([N+](=O)[O-])cc([N+](=O)[O-])c1O.CCC2C,-3.38
COC1=C(OC)C2C(=O)OCC2C=C1,ATTACH.C1%12=C%13C25C=%11OC%199C2%18C%10=C1%16.C3%14%178.C%15467.O3%12.O%137.O=%11.[H]%17.[H]8.[H]%14.[H]4.[H]6.[H]%15.[H]5.[H]%19.[H]9.[H]%18.[H]%10.[H]%16,-1.899
OCC(O)CO,ATTACH.C1782.C67%12%13.C6935.O1%11.O%10%12.O34.[H]%11.[H]2.[H]8.[H]%13.[H]%10.[H]5.[H]9.[H]4,1.12
COc1ccccc1O,BRICS.c12ccccc1O.CO2,-1.96
CCOP(=S)(OCC)Oc1nc(Cl)c(Cl)cc1Cl,BRICS.c14nc(Cl)c(Cl)cc1Cl.O2P(=S)(O3)O4.CC2.C3C,-5.67
Cc1c2ccccc2cc2ccccc12,ATTACH.c13c2c%11c5c%13c%12c2c4c2c8c%14c%10c6c12.C39%157.[H]%15.[H]9.[H]7.[H]6.[H]%10.[H]%14.[H]8.[H]4.[H]%12.[H]%13.[H]5.[H]%11,-5.89
Cc1cc(=O)n(-c2ccccc2)n1C,BRICS.Cc1cc(=O)n3n1C.c13ccccc1,0.715
CCCCOC,BRICS.CCCC1.O1C,-0.99
Cc1cnc2cncnc2n1,ATTACH.c13nc2nc8nc5c2nc14.C3679.[H]9.[H]6.[H]7.[H]4.[H]5.[H]8,-0.8540000000000001
CCNc1nc(Cl)nc(NCC)n1,BRICS.c14nc5nc(Cl)n1.CC2.N24.N35.C3C,-4.55
CC(=O)N(C)C,BRICS.CC1=O.N1(C)C,1.11
CSc1nc(N(C)C)nc(N(C)C)n1,BRICS.c14nc2nc3n1.N2(C)C.N3(C)C.CS4,-2.676
C=C,ATTACH.C=124.C=135.[H]2.[H]4.[H]5.[H]3,-0.4
CC(C)(C)CCO,HR.C1356.C26.C24.C1.C3.C5.O4,-0.5
C=CCC1(CC)C(=O)NC(=O)NC1=O,BRICS.C123C(=O)NC(=O)NC1=O.C=CC2.C3C,-1.614
Oc1ccc(Cl)c(Cl)c1Cl,MMPA.c12ccc4c3c15.O2.Cl4.Cl3.Cl5,-2.67
COc1ccccc1,BRICS.c12ccccc1.CO2,-1.85
CC(C)OC(=O)C(O)(c1ccc(Cl)cc1)c1cccc(Cl)c1,BRICS.c14ccc(Cl)cc1.c15cccc(Cl)c1.C2(=O)C45O.CC3C.O23,-4.53
CC12CCC(=O)C=C1CCC1C2C(O)CC2(C=O)C(C(=O)CO)CCC12,BRICS.CC12CCC(=O)C=C1CCC1C2C(O)CC2(C=O)C3CCC12.C3(=O)CO,-3.85
COc1ccc(Oc2ccc(NC(=O)N(C)C)cc2)cc1,BRICS.c15ccc6cc1.c17ccc8cc1.C34=O.N4(C)C.CO5.O67.N38,-4.16
CCc1ccc(C)cc1,BRICS.c12ccc(C)cc1.CC2,-3.11
CC(C)SC(C)C,BRICS.CC1C.C2(C)C.S12,-2.24
O=[N+]([O-])c1cccc([N+](=O)[O-])c1,HR.c14cccc5c1.O=[N+]34.[N+]25=O.[O-]3.[O-]2,-2.29
CCOP(=S)(OCC)SCSP(=S)(OCC)OCC,BRICS.O1P(=S)(O2)SCSP(=S)(O3)O4.CC1.C2C.C3C.C4C,-5.54
CCC1(C(C)C)C(=O)NC(=O)NC1=O,BRICS.C123C(=O)NC(=O)NC1=O.C3(C)C.CC2,-2.21
CC(=O)OCC(=O)C1(O)CCC2C3CCC4=CC(=O)CCC4(C)C3C(=O)CC21C,BRICS.C17(O)CCC2C3CCC4=CC(=O)CCC4(C)C3C(=O)CC21C.C6C7=O.CC5=O.O56,-4.21
Cc1ncc([N+](=O)[O-])n1CCO,BRICS.Cc1ncc([N+](=O)[O-])n12.C2CO,-1.22
Nc1ccc(Cl)cc1,ATTACH.c12c4c9c7c3c16.N258.Cl7.[H]8.[H]5.[H]4.[H]9.[H]3.[H]6,-1.66
CCCC(C)(C)CO,HR.C2567.C14.C24.C36.C1.C5.C7.O3,-1.52
c1ccoc1,ATTACH.c15c2oc4c13.[H]5.[H]3.[H]4.[H]2,-0.82
COCCCNc1nc(NC(C)C)nc(SC)n1,BRICS.c15nc6nc7n1.C2CC3.C4(C)C.CO2.N35.N46.S7C,-2.928
CN(C)C(=O)NC1CC2CC1C1CCCC21,BRICS.C15CC2CC1C1CCCC21.CN3C.C34=O.N45,-3.1710000000000003
CC(C)(C)c1ccccc1,BRICS.c12ccccc1.CC2(C)C,-3.66
CC(=O)CCC1C(=O)N(c2ccccc2)N(c2ccccc2)C1=O,BRICS.C13C(=O)N4N5C1=O.c14ccccc1.c15ccccc1.CC(=O)CC3,-3.27
CC(=O)OCC(=O)C1(O)CCC2C3CCC4=CC(=O)C=CC4(C)C3C(O)CC21C,BRICS.C17(O)CCC2C3CCC4=CC(=O)C=CC4(C)C3C(O)CC21C.C6C7=O.CC5=O.O56,-4.37
CCCOC,BRICS.CCC1.O1C,-0.39
CC(=O)OC(C)C,BRICS.CC1=O.C2(C)C.O12,-0.55
Brc1ccccc1,MMPA.c12ccccc1.Br2,-2.55
CCOC(=O)c1ccc(O)cc1,BRICS.c14ccc(O)cc1.C24=O.CC3.O23,-2.35
CCCC(=O)OCN1C(=O)NC(c2ccccc2)(c2ccccc2)C1=O,BRICS.N14C(=O)NC56C1=O.c15ccccc1.c16ccccc1.CCCC3=O.O3C4,-5.071000000000001
CCC(=O)OC1CCC2C3CCC4=CC(=O)CCC4(C)C3CCC12C,BRICS.C16CCC2C3CCC4=CC(=O)CCC4(C)C3CCC12C.CCC5=O.O56,-5.37
c1cc2ccc3ccc4ccc5ccc6ccc1c1c2c3c4c5c61,ATTACH.c18c9c2c%13c%16c3c%10c%14c4c%17c%18c5c%15c%11c6c7c%12c1c1c6c5c4c3c21.[H]8.[H]9.[H]%13.[H]%16.[H]%10.[H]%14.[H]%17.[H]%18.[H]%15.[H]%11.[H]7.[H]%12,-9.332
O=c1[nH]cnc2[nH]ncc12,ATTACH.C1=3c2c5nn4c2N=C7N16.O=3.[H]6.[H]7.[H]4.[H]5,-2.266
C=CCl,RECAP.C=1Cl.C=1,-1.75
CN(C)C(=O)C(c1ccccc1)c1ccccc1,BRICS.c13ccccc1.c14ccccc1.C2(=O)C34.CN2C,-2.98
BrC(Br)(Br)Br,HR.C1234.Br1.Br2.Br3.Br4,-3.14
CCN1c2cc(N(C)C)cc(C)c2NC(=O)c2cccnc21,BRICS.N13c2cc4cc(C)c2NC(=O)c2cccnc21.N4(C)C.CC3,-4.871
O=C1NC(=O)c2ccccc21,RECAP.c1=3[nH]c=4c2ccccc12.O=3.O=4,-2.61
OC(c1ccc(Cl)cc1)(c1cncnc1)c1ccccc1Cl,BRICS.c12ccc(Cl)cc1.c14ccccc1Cl.c13cncnc1.OC234,-4.38
COC(=O)c1ccccc1,BRICS.c13ccccc1.C23=O.CO2,-1.85
Cn1ccc(=O)[nH]c1=O,RECAP.n12ccc(=O)[nH]c1=O.C2,-0.807
CCCCC1C(=O)N(c2ccccc2)N(c2ccc(O)cc2)C1=O,BRICS.C13C(=O)N4N5C1=O.c15ccc(O)cc1.c14ccccc1.CCCC3,-3.73
Clc1ccc(Cl)c(-c2cccc(Cl)c2Cl)c1,BRICS.Clc1ccc(Cl)c3c1.c13cccc(Cl)c1Cl,-6.47
CCC1NC(=O)c2cc(S(N)(=O)=O)c(Cl)cc2N1,BRICS.C13NC(=O)c2cc(S(N)(=O)=O)c(Cl)cc2N1.CC3,-3.29
CN(C)C(=O)Nc1ccc(Cl)c(Cl)c1,BRICS.c14ccc(Cl)c(Cl)c1.CN2C.C23=O.N34,-3.8
C1=CCCC1,ATTACH.C16=C7C29C45C138.[H]6.[H]7.[H]2.[H]9.[H]5.[H]4.[H]8.[H]3,-2.1
O=C1NC(=O)C(O)(C2(O)C(=O)NC(=O)NC2=O)C(=O)N1,RECAP.C1=3NC=6C(O)(C2(O)C=4NC=8NC2=5)C=7N1.O=3.O=6.O=4.O=8.O=5.O=7,-1.99
CCCCCCCCC,HR.C12.C24.C34.C36.C67.C57.C58.C1.C8,-5.88
Oc1ccccc1Cl,MMPA.c12ccccc13.O2.Cl3,-1.06
Cc1cc2ccccc2c2ccc3ccccc3c12,ATTACH.c14c7c2c%13c%14c9c%15c2c2c%16c6c3c5c%11c%10c%18c3c12.C4%12%178.[H]%17.[H]%12.[H]8.[H]7.[H]%13.[H]%14.[H]9.[H]%15.[H]%16.[H]6.[H]5.[H]%11.[H]%10.[H]%18,-6.59
CCOc1ccccc1,BRICS.c13ccccc1.CC2.O23,-2.33
CCOC(=O)C=Cc1ccccc1,BRICS.C=4c1ccccc1.C2(=O)C=4.CC3.O23,-3.0
Cc1[nH]c(=O)n(C(C)(C)C)c(=O)c1Cl,BRICS.Cc1[nH]c(=O)n2c(=O)c1Cl.C2(C)(C)C,-2.484
O=C1CN=C(c2ccccc2Cl)c2cc([N+](=O)[O-])ccc2N1,RECAP.C1=3CN=C(c2ccccc2Cl)c2cc([N+](=O)[O-])ccc2N1.O=3,-3.499
Cc1ccc(S(N)(=O)=O)cc1,ROTATABLE.Cc1ccc2cc1.S2(N)(=O)=O,-1.74
C#CC(C)OC(=O)Nc1cccc(Cl)c1,BRICS.c15cccc(Cl)c1.C#CC4C.C23=O.O24.N35,-2.617
CCCCCC(C)C,MMPA.C367.C14.C24.C25.C35.C1.C6.C7,-5.08
CC1(C)C(C=C(Cl)C(F)(F)F)C1C(=O)OC(C#N)c1cccc(Oc2ccccc2)c1,BRICS.CC1(C)C7C1C=8.c19cccc5c1.C=8(Cl)C(F)(F)F.c16ccccc1.C49C#N.C37=O.O34.O56,-8.176
CCCC1C(=O)N2C(N(C)C)=Nc3ccc(C)cc3N2C1=O,BRICS.C14C(=O)N2C(N(C)C)=Nc3ccc(C)cc3N2C1=O.CCC4,-3.5380000000000003
CN1C(=O)CN=C(c2ccccc2)c2cc(Cl)ccc21,MMPA.N13C(=O)CN=C4c2cc5ccc21.c14ccccc1.C3.Cl5,-3.754
CCC(O)C(C)C,HR.C234.C356.C14.C1.O2.C5.C6,-0.7
CCOP(=S)(OCC)Oc1ccc(S(C)=O)cc1,BRICS.c14ccc(S(C)=O)cc1.O2P(=S)(O3)O4.CC2.C3C,-2.3
CC1(C)C2CCC1(C)C(O)C2,ATTACH.C13%18C2%22C%23%24C%11%17C1%10C49C2%14%13.C3%206%12.C%18%218%16.C%19%225%15.O%247.[H]6.[H]%12.[H]%20.[H]8.[H]%16.[H]%21.[H]%10.[H]4.[H]9.[H]%13.[H]%14.[H]%15.[H]%19.[H]5.[H]%23.[H]7.[H]%11.[H]%17,-2.32
CC12CCC(=O)C=C1CCC1C2CCC2(C)C(O)CCC12,HR.C123CCC(=O)C=C1CCC1C2CCC24C5CCC12.C3.C4.O5,-4.02
CCCCCCC,HR.C14.C24.C25.C35.C36.C1.C6,-4.53
Oc1cccc2ccccc12,MMPA.c13cccc2ccccc12.O3,-2.22
CC1CCCCC1C,ATTACH.C12%14C%166C%17%11C39C4%10C1%158.C2%13%195.C%12%16%187.[H]%19.[H]5.[H]%13.[H]%14.[H]8.[H]%15.[H]4.[H]%10.[H]3.[H]9.[H]%11.[H]%17.[H]6.[H]%18.[H]7.[H]%12,-4.3
COc1cc2c(N)nc(N3CCN(C(=O)OCC(C)(C)O)CC3)nc2c(OC)c1OC,BRICS.c17cc2c(N)nc%10nc2c8c19.N1%10CCN5CC1.C6C(C)(C)O.C45=O.CO7.O46.O8C.O9C,-3.638
c1cc2c3c(c4ccc5ccccc5c4cc3c1)CC2,ATTACH.c1%12c%15c2c3c(c4c%11c%13c5c7c8c%14c6c5c4c%10c3c1%17)C%189C2%16%19.[H]%12.[H]%15.[H]%11.[H]%13.[H]7.[H]8.[H]%14.[H]6.[H]%10.[H]%17.[H]9.[H]%18.[H]%19.[H]%16,-7.85
CC(=O)C1(C)CCC2C3C=C(C)C4=CC(=O)CCC4(C)C3CCC21C,BRICS.C15(C)CCC2C3C=C(C)C4=CC(=O)CCC4(C)C3CCC21C.CC5=O,-5.27
CCCCCC(C)=O,RECAP.CCCCCC=1C.O=1,-1.45
COP(=O)(NC(C)=O)SC,HR.P237=O.C46=O.O13.N24.S57.C1.C6.C5,0.54
CCCCSP(=O)(SCCCC)SCCCC,BRICS.S1P(=O)(S2)S3.CCCC1.C2CCC.C3CCC,-5.14
O=C1NC(=O)C2C=CC=CC12,ATTACH.C1=3N9C=5C2%10C7=C%11C8=C4C126.O=3.O=5.[H]9.[H]%10.[H]7.[H]%11.[H]8.[H]4.[H]6,-2.932
NS(=O)(=O)c1cc2c(cc1Cl)NC(C(Cl)Cl)NS2(=O)=O,BRICS.NS(=O)(=O)c1cc2c(cc1Cl)NC3NS2(=O)=O.C3(Cl)Cl,-2.68
CC=C(C)C,BRICS.C=1(C)C.CC=1,-2.56
Cc1ccc(C)c(C)c1,HR.c12ccc4c3c1.C2.C4.C3,-3.31
Oc1cc(Cl)c(Cl)cc1Cl,MMPA.c12cc5c4cc13.O2.Cl5.Cl4.Cl3,-2.21
c1ccc2c(c1)cnc1ccccc12,ATTACH.c1%12c5c7c2c(c4nc3c6c9c%11c%10c32)c18.[H]%12.[H]5.[H]7.[H]8.[H]4.[H]6.[H]9.[H]%11.[H]%10,-2.78
CCCC(C)(O)CC,HR.C2567.C14.C24.C36.C1.C5.O7.C3,-0.98
CCCCCCCC,ROTATABLE.CC3.C13.C14.C24.C25.C5C,-5.24
c1ccc2cc3ccccc3cc2c1,ATTACH.c18c6c%10c2c5c3c4c%11c9c%13c3c%12c2c17.[H]8.[H]6.[H]%10.[H]5.[H]4.[H]%11.[H]9.[H]%13.[H]%12.[H]7,-6.35
NNc1ccccc1,RECAP.c13ccccc1.N23.N2,0.07
CCC=O,ROTATABLE.CC1.C1=O,0.58
C1CCCCCCC1,ATTACH.C1%14%17C24C%103C%139C%157C%168C%125C1%116.[H]%14.[H]%17.[H]6.[H]%11.[H]5.[H]%12.[H]%16.[H]8.[H]%15.[H]7.[H]9.[H]%13.[H]3.[H]%10.[H]4.[H]2,-4.15
C=CCC1(CC=C)C(=O)NC(=O)NC1=O,BRICS.C123C(=O)NC(=O)NC1=O.C=CC2.C3C=C,-2.077
ClC(Cl)Cl,ATTACH.C1234.Cl1.Cl2.Cl3.[H]4,-1.17
O=c1ccnc(S)[nH]1,ATTACH.C1=2C7=C3N=C5N16.S45.O=2.[H]7.[H]3.[H]4.[H]6,-2.273
O=C(Nc1ccccc1)N(Cc1ccc(Cl)cc1)C1CCCC1,BRICS.c17ccc(Cl)cc1.c15ccccc1.C16CCCC1.O=C23.N346.N25.C47,-5.915
CC1=CCCCC1,ATTACH.C12=C%11C46C%103C8%14C19%13.C27%125.[H]7.[H]5.[H]%12.[H]%11.[H]6.[H]4.[H]%10.[H]3.[H]8.[H]%14.[H]%13.[H]9,-3.27
CCCCC(C=O)CC,MMPA.C356.C14.C24.C25.C3=O.C67.C1.C7,-2.13
COc1c2occc2c(OC)c2c(=O)cc(C)oc12,BRICS.c13c2occc2c4c2c(=O)cc(C)oc12.CO3.O4C,-3.0210000000000004
CCC1(CCC(C)C)C(=O)NC(=O)NC1=O,BRICS.C123C(=O)NC(=O)NC1=O.C3CC(C)C.CC2,-2.658
c1ccc2c3c(ccc2c1)-c1cccc2cccc-3c12,ATTACH.c18c%10c%13c2c3c(c%12c7c2c1%11)-c1c9c4c%15c2c%14c6c5c-3c12.[H]8.[H]%10.[H]%13.[H]%12.[H]7.[H]%11.[H]9.[H]4.[H]%15.[H]%14.[H]6.[H]5,-8.0
CCC(C=O)CC,ROTATABLE.C123.CC2.C1=O.C3C,-1.52
CCCOCCC,BRICS.CCC1.C2CC.O12,-1.62
CCCCCCCCCCCCCCO,ROTATABLE.CC5.C59.C79.C7%11.C%113.C%103.C%104.C%124.C1%12.C16.C62.C82.C8O,-5.84
Oc1c(Cl)ccc(Cl)c1Cl,HR.c12c5ccc3c14.O2.Cl5.Cl3.Cl4,-2.64
NC(N)=O,RECAP.NC=1N.O=1,0.96
C#CCCC,HR.C#C2.C12.C13.C3,-1.64
Brc1cccc(Br)c1,HR.c12cccc3c1.Br2.Br3,-3.54
CCCCCCCCCCCCCCCCCCO,ROTATABLE.CC9.C92.C%112.C%114.C45.C%135.C%136.C%156.C1%15.C1%10.C%103.C%123.C%12%16.C%167.C%147.C%148.C8O,-8.4
CC(=O)Nc1ccccc1,BRICS.c13ccccc1.CC2=O.N23,-1.33
O=C1C=C2CC3(O)COc4c(ccc(O)c4O)C3=C2C=C1O,ATTACH.c1=5c%19c2c(c%20c17)=C1c3c%17c%10c9c%18c3OC%168C1%12C2%15%21.O6%12.O%149.O%18%11.O7%13.O=5.[H]%19.[H]%15.[H]%21.[H]6.[H]%16.[H]8.[H]%17.[H]%10.[H]%14.[H]%11.[H]%20.[H]%13,-2.7
NNC(=O)c1ccncc1,BRICS.c12ccncc1.NNC2=O,0.009
OC1C=CC2C1C1(Cl)C(Cl)=C(Cl)C2(Cl)C1(Cl)Cl,MMPA.C13C=CC2C1C14C7=C6C28C159.O3.Cl4.Cl7.Cl6.Cl8.Cl5.Cl9,-5.46
CC(C)CCOC=O,BRICS.CC(C)CC1.O1C=O,-1.52
CC(=O)c1ccccc1,BRICS.c12ccccc1.CC2=O,-1.28
c1ccc2nc(-c3ccc4ccccc4n3)ccc2c1,BRICS.c1ccc2nc5ccc2c1.c15ccc2ccccc2n1,-5.4
CCOP(=O)(OCC)OCC,BRICS.O1P(=O)(O2)O3.CC1.C2C.C3C,0.43
CC12CCC(C1)C(C)(C)C2=O,ATTACH.C123C=%14C%20%10C%22(C%199C17%15)C24%12.C3%176%11.C%16%205%13.C%18%218%10.O=%14.[H]6.[H]%11.[H]%17.[H]7.[H]%15.[H]%19.[H]9.[H]%22.[H]4.[H]%12.[H]5.[H]%13.[H]%16.[H]8.[H]%21.[H]%18,-1.85
COc1cnc2cncnc2n1,BRICS.c13cnc2cncnc2n1.CO3,-0.91
ClC1=C(Cl)C2(Cl)C3CC=CC3C1(Cl)C2(Cl)Cl,MMPA.C14=C6C28C3CC=CC3C17C259.Cl4.Cl6.Cl8.Cl7.Cl5.Cl9,-5.64
CC(C)[N+](=O)[O-],ATTACH.C15%10%12.C1623.C689%11.[N+]=724.O=7.[O-]4.[H]%10.[H]5.[H]%12.[H]3.[H]8.[H]9.[H]%11,-0.62
c1ccc2c(c1)[nH]c1ccccc12,ATTACH.c15c6c%12c2c3c%10c8c4c%11c3n7c2c19.[H]5.[H]6.[H]%12.[H]9.[H]7.[H]%11.[H]4.[H]8.[H]%10,-5.27
OCC(O)C(O)CO,ROTATABLE.C23O.C12O.OC3.C1O,0.7
CCCOC(=O)c1ccc(N)cc1,BRICS.c14ccc(N)cc1.CCC3.C24=O.O23,-2.452
CNC(=O)C=C(C)OP(=O)(OC)OC,BRICS.C=2(C)OP(=O)(OC)OC.C1(=O)C=2.CN1,0.6509999999999999
O=C1CCC(=O)N1,ATTACH.C1=2N6C=3C47C158.O=2.O=3.[H]5.[H]8.[H]4.[H]7.[H]6,0.3
CCC(C)C(C)C,MMPA.C234.C356.C14.C1.C2.C5.C6,-4.28
CCCCc1c(C)nc(NCC)nc1OS(=O)(=O)N(C)C,BRICS.c15c2nc4nc1C.O2S(=O)(=O)N(C)C.CCCC5.N34.C3C,-4.16
CCN1c2ncccc2C(=S)N(C)c2cccnc21,BRICS.N13c2ncccc2C(=S)N(C)c2cccnc21.CC3,-4.634
CCN1C(=O)c2ccccc2Oc2ccccc21,HR.N14C(=O)c2ccccc2Oc2ccccc21.C34.C3,-3.68
C1CCOCC1,ATTACH.C12%10C46C59OC7%11C183.[H]%10.[H]2.[H]8.[H]3.[H]7.[H]%11.[H]9.[H]5.[H]6.[H]4,-0.03
C#CCCCCC,ATTACH.C%13378.C%15%1727.C%15%1649.C%1259%10.C%14%186%10.C#1%11.C#1%13.[H]%11.[H]3.[H]8.[H]%17.[H]2.[H]%16.[H]4.[H]5.[H]%12.[H]%18.[H]6.[H]%14,-3.01
COc1ccc2ccc(=O)oc2c1CC=C(C)C,BRICS.c13ccc2ccc(=O)oc2c15.C5C=4.C=4(C)C.CO3,-4.314
Cc1ccc2c(ccc3c4c5c(cccc5cc32)CC4)c1,MMPA.c16ccc2c(ccc3c4c5c(cccc5cc32)CC4)c1.C6,-7.92
CCOC(=O)c1ccccc1,BRICS.c14ccccc1.C24=O.CC3.O23,-2.32
CC(C)CCl,ROTATABLE.CC1C.C1Cl,-2.0
C#CC1(O)CCC2C3CCc4cc(O)ccc4C3CCC21C,MMPA.C156CCC2C3CCc4cc7ccc4C3CCC218.C#C6.O5.O7.C8,-4.3
CCCCCCCCCCCC(=O)OC,BRICS.CCCCCCCCCCCC1=O.O1C,-4.69
CCCSCCC,BRICS.CCC1.C2CC.S12,-2.58
c1ccc2cc3cc4ccccc4cc3cc2c1,ATTACH.c1%16c7c%11c2c%13c3c8c4c%10c%14c%15c9c4c5c3c6c2c1%12.[H]%16.[H]7.[H]%11.[H]%13.[H]8.[H]%10.[H]%14.[H]%15.[H]9.[H]5.[H]6.[H]%12,-8.6
CCCCCBr,ROTATABLE.CC2.C12.C13.C3Br,-3.08
C/C=C/CCCC,BRICS.C=1CCCC.CC=1,-3.82
Cc1ncc([N+](=O)[O-])n1CCO,BRICS.Cc1ncc([N+](=O)[O-])n12.C2CO,-1.26
CCCCCC1CCCC1,BRICS.CCCCC2.C12CCCC1,-6.08
Clc1ccc(Cl)c(-c2c(Cl)c(Cl)cc(Cl)c2Cl)c1,BRICS.c13c(Cl)c(Cl)cc(Cl)c1Cl.Clc1ccc(Cl)c3c1,-7.42
CCC1(C(C)C)C(=O)NC(=O)NC1=O,BRICS.C123C(=O)NC(=O)NC1=O.C3(C)C.CC2,-2.148
CC(Cl)(Cl)Cl,ATTACH.C1247.C1356.Cl3.Cl5.Cl6.[H]4.[H]7.[H]2,-2.0
CON(C)C(=O)Nc1ccc(Cl)cc1,BRICS.c13ccc(Cl)cc1.CON(C)C2=O.N23,-2.57
O=C1NC(=O)C2(CCCCC2)C(=O)N1,ATTACH.C1=3N%10C=%13C2(C=6N18)C%14%17C%154C%165C%119C2%127.O=3.O=%13.O=6.[H]%10.[H]%12.[H]7.[H]%11.[H]9.[H]5.[H]%16.[H]4.[H]%15.[H]%17.[H]%14.[H]8,-3.06
CN(C)C(=O)OC1=CC(=O)CC(C)(C)C1,BRICS.O2C1=CC(=O)CC(C)(C)C1.CN3C.C23=O,-0.85
Cc1ccc(Br)cc1,MMPA.c12ccc3cc1.C2.Br3,-3.19
CCOCC,BRICS.CC1.O12.C2C,-0.09
CC(C)NC(=O)N1CC(=O)N(c2cc(Cl)cc(Cl)c2)C1=O,BRICS.N14CC(=O)N6C1=O.c16cc(Cl)cc(Cl)c1.CC5C.C34=O.N35,-4.376
CCCCN(CC)c1c([N+](=O)[O-])cc(C(F)(F)F)cc1[N+](=O)[O-],BRICS.c14c([N+](=O)[O-])cc5cc1[N+](=O)[O-].CCCC2.C5(F)(F)F.N234.C3C,-5.53
Cc1cc(C)c(O)c(C)c1,HR.c12cc4c3c5c1.C2.C4.O3.C5,-2.05
c1ccccc1,ATTACH.c17c3c6c5c2c14.[H]7.[H]3.[H]6.[H]5.[H]2.[H]4,-1.64
Clc1ccc(I)cc1,MMPA.c12ccc3cc1.Cl2.I3,-4.03
COc1ccc(NC(=O)N(C)C)cc1Cl,BRICS.c14ccc5cc1Cl.C23=O.N3(C)C.CO4.N25,-2.564
CC(C)N(C(=O)CCl)c1ccccc1,BRICS.c14ccccc1.C2(=O)CCl.CC3C.N234,-2.48
C=Cc1ccccc1,HR.c12ccccc1.C=C2,-2.82
COCOC,ATTACH.C15%102.C7%11%124.C6893.O17.O8%11.[H]2.[H]%10.[H]5.[H]4.[H]%12.[H]6.[H]3.[H]9,0.48
Cc1ccccc1C,MMPA.c12ccccc13.C2.C3,-2.8
CCC(C)O,MMPA.C234.C13.C1.C4.O2,0.47
Oc1ccc(O)cc1,MMPA.c12ccc3cc1.O2.O3,-0.17
CC12CCC3c4ccc(O)cc4CCC3C1CC(O)C2O,MMPA.C125CCC3c4ccc8cc4CCC3C1CC7C26.C5.O8.O7.O6,-4.955
c1ccc2c(c1)Cc1cc3ccccc3cc1-2,ATTACH.c17c4c%13c2c(c1%14)C96c1c-2c5c2c8c%12c%15c%10c2c1%11.[H]7.[H]4.[H]%13.[H]%14.[H]9.[H]6.[H]%11.[H]%10.[H]%15.[H]%12.[H]8.[H]5,-8.04
O=C1CNC(=O)N1,RECAP.C1=2CNC=3N1.O=2.O=3,-0.4
CCCCCCc1ccc(O)cc1O,BRICS.c12ccc(O)cc1O.CCCCCC2,-2.59
C=CCSS(=O)CC=C,BRICS.S1S(=O)CC=C.C=CC1,-0.83
CCOP(=S)(OCC)Oc1ccc2oc(=O)c(Cl)c(C)c2c1,BRICS.c15ccc2oc(=O)c(Cl)c(C)c2c1.O3P(=S)(O4)O5.CC3.C4C,-5.382000000000001
Cc1c(C)c2c3ccccc3ccc2c2ccccc12,HR.c14c5c2c3ccccc3ccc2c2ccccc12.C4.C5,-7.01
CCCCC(=O)OC1(C(=O)CO)C(C)CC2C3CCC4=CC(=O)C=CC4(C)C3(F)C(O)CC21C,BRICS.C167C(C)CC2C3CCC4=CC(=O)C=CC4(C)C3(F)C(O)CC21C.CCCCC5=O.C7(=O)CO.O56,-4.71
O=c1[nH]c(=O)c2[nH]c(=O)[nH]c2[nH]1,ATTACH.C1=3N5C2=C(C=6N17)N4C=9N28.O=3.O=6.O=9.[H]7.[H]4.[H]8.[H]5,-3.93
Oc1c(Cl)cc(Cl)c(Cl)c1Cl,MMPA.c12c4cc5c6c13.O2.Cl4.Cl5.Cl6.Cl3,-3.1
Clc1cccc(Cl)c1,ATTACH.c12c6c5c3c4c17.Cl2.Cl5.[H]7.[H]4.[H]3.[H]6,-3.04
Clc1ccc(C(c2ccc(Cl)cc2)C(Cl)(Cl)Cl)cc1,BRICS.Clc1ccc3cc1.c14ccc(Cl)cc1.C34C(Cl)(Cl)Cl,-7.15
CC(C)COC=O,BRICS.CC(C)C1.O1C=O,-1.01
CSc1ccccc1,BRICS.c12ccccc1.CS2,-2.39
CCN1c2ncccc2C(=O)Nc2c(C(F)(F)F)cc(C)nc21,BRICS.N13c2ncccc2C(=O)Nc2c4cc(C)nc21.C4(F)(F)F.CC3,-4.207
CCCCCC,ROTATABLE.CC2.C12.C13.C3C,-3.84
COC(=O)c1cccnc1,BRICS.c13cccnc1.C23=O.CO2,-0.46
NS(=O)(=O)c1cc2c(cc1C(F)(F)F)NC(Cc1ccccc1)NS2(=O)=O,BRICS.NS(=O)(=O)c1cc2c(cc14)NC3NS2(=O)=O.c15ccccc1.C4(F)(F)F.C35,-3.59
Clc1ccc(-c2cc(Cl)c(Cl)c(Cl)c2Cl)cc1Cl,BRICS.c13cc(Cl)c(Cl)c(Cl)c1Cl.Clc1ccc3cc1Cl,-7.82
C=CC1(C)OC(=O)N(c2cc(Cl)cc(Cl)c2)C1=O,BRICS.C=CC1(C)OC(=O)N3C1=O.c13cc(Cl)cc(Cl)c1,-4.925
CCNc1nc(Cl)nc(NC(C)(C)C#N)n1,BRICS.c14nc5nc(Cl)n1.C3(C)(C)C#N.CC2.N24.N35,-3.15
c1ccc2c(c1)c1ccccc1c1ccccc21,ATTACH.c14c6c9c2c(c13)c1c%12c8c%13c%14c1c1c%11c7c5c%10c21.[H]4.[H]6.[H]9.[H]3.[H]%12.[H]8.[H]%13.[H]%14.[H]%11.[H]7.[H]5.[H]%10,-6.726
CC=C(C(=CC)c1ccc(O)cc1)c1ccc(O)cc1,BRICS.C=2(C=3c1ccc(O)cc1)c1ccc(O)cc1.CC=2.C=3C,-4.95
CCCCC(CC)COC(=O)c1ccccc1C(=O)OCC(CC)CCCC,BRICS.CCCCC(C4)CC.C5C(CC)CCCC.c16ccccc17.C26=O.C37=O.O24.O35,-6.96
CCc1ccccn1,BRICS.c12ccccn1.CC2,0.51
COP(=O)(OC)OC(Br)C(Cl)(Cl)Br,BRICS.COP(=O)(O1)OC.C1(Br)C(Cl)(Cl)Br,-2.28
c1ccc(-c2ccccc2)cc1,BRICS.c1ccc3cc1.c13ccccc1,-4.345
Clc1cc(Cl)c(-c2c(Cl)cc(Cl)cc2Cl)c(Cl)c1,BRICS.Clc1cc(Cl)c3c(Cl)c1.c13c(Cl)cc(Cl)cc1Cl,-8.71
CN(C)c1nc(N(C)C)nc(N(C)C)n1,BRICS.c12nc3nc4n1.CN2C.N3(C)C.N4(C)C,-3.364
CC(C)CC(C)(C)O,MMPA.C2457.C136.C46.C1.C3.C2.C5.O7,-0.92
O=C1NC(=O)C2(CCCCCC2)C(=O)N1,ATTACH.C1=3N%17C=%15C2(C=%12N1%10)C%168C%197C%14%18C%134C69C25%11.O=3.O=%12.O=%15.[H]%10.[H]%16.[H]8.[H]%19.[H]7.[H]%14.[H]%18.[H]%13.[H]4.[H]6.[H]9.[H]5.[H]%11.[H]%17,-3.168
OCC1OC(O)(CO)C(O)C1O,BRICS.C12OC3(O)C(O)C1O.OC2.C3O,0.64
Cc1cc(C)cc(O)c1,HR.c12cc3cc4c1.C2.C4.O3,-1.4
O=C(Nc1cccc(Cl)c1)OCC#CCCl,BRICS.c15cccc(Cl)c1.C4C#CCCl.O=C23.N35.O24,-4.37
CC(=O)Nc1ccc(Cl)cc1,BRICS.c13ccc(Cl)cc1.CC2=O.N23,-2.843
Clc1ccc(Cl)c(-c2c(Cl)c(Cl)c(Cl)c(Cl)c2Cl)c1,BRICS.c13c(Cl)c(Cl)c(Cl)c(Cl)c1Cl.Clc1ccc(Cl)c3c1,-8.94
CCC(C)(C)C,MMPA.C2345.C14.C1.C2.C3.C5,-3.55
CNc1ccccc1,BRICS.c12ccccc1.CN2,-1.28
C=CCC=C,MMPA.C=C2.C12.C1=C,-2.09
CC(=O)OCC(=O)C1(O)CCC2C3CCC4=CC(=O)CCC4(C)C3C(O)CC21C,BRICS.C17(O)CCC2C3CCC4=CC(=O)CCC4(C)C3C(O)CC21C.C6C7=O.CC5=O.O56,-4.88
Cc1cc([N+](=O)[O-])cc([N+](=O)[O-])c1O,MMPA.c12cc5cc3c14.[N+]5(=O)[O-].[N+]3(=O)[O-].C2.O4,-1.456
O=C1Nc2ccc(Cl)cc2C(c2ccccc2Cl)=NC1O,MMPA.O=C1Nc2ccc3cc2C5=NC14.c15ccccc16.Cl3.Cl6.O4,-3.604
Oc1cccc(Cl)c1,MMPA.c12cccc3c1.O2.Cl3,-0.7
Clc1cccc(Br)c1,MMPA.c12cccc3c1.Cl2.Br3,-3.21
NS(=O)(=O)c1cc2c(cc1Cl)N=CNS2(=O)=O,MMPA.c14cc2c(cc13)N=CNS2(=O)=O.NS4(=O)=O.Cl3,-3.05
CCC1(C)C(=O)NC(=O)NC1=O,BRICS.C12(C)C(=O)NC(=O)NC1=O.CC2,-1.228
OCCOc1ccccc1,BRICS.c13ccccc1.OCC2.O23,-0.7
c1ccc(Cc2ccccc2)cc1,BRICS.c1ccc3cc1.c14ccccc1.C34,-4.08
CCCCCC(O)CC,HR.C467.C12.C25.C35.C36.C48.C1.O7.C8,-1.98
CCN(Cc1c(F)cccc1Cl)c1c([N+](=O)[O-])cc(C(F)(F)F)cc1[N+](=O)[O-],BRICS.c14c([N+](=O)[O-])cc6cc1[N+](=O)[O-].c15c(F)cccc1Cl.C6(F)(F)F.N234.CC2.C35,-6.78
CC(C)Nc1nc(Cl)nc(NC(C)C)n1,BRICS.c14nc5nc(Cl)n1.CC2C.C3(C)C.N24.N35,-4.43
CCCC(C)CO,ROTATABLE.C13C.CC2.C12.C3O,-1.11
CCCCC(C)(C)O,MMPA.C3567.C14.C24.C25.C1.C3.C6.O7,-1.08
CCc1ccccc1,BRICS.c12ccccc1.CC2,-2.77
CCC1(CC=C(C)C)C(=O)NC(=O)NC1=O,BRICS.C134C(=O)NC(=O)NC1=O.C4C=2.C=2(C)C.CC3,-2.253
ClC1=C(Cl)C2(Cl)C3C(Cl)C=CC3C1(Cl)C2(Cl)Cl,MMPA.C14=C5C26C3C8C=CC3C19C27%10.Cl4.Cl5.Cl6.Cl8.Cl9.Cl7.Cl%10,-6.317
C=C(Br)CC1(C(C)CC)C(=O)NC(=O)NC1=O,BRICS.C123C(=O)NC(=O)NC1=O.C=C(Br)C2.C3(C)CC,-2.647
CC1(C)C(C(=O)OC(C#N)c2cccc(Oc3ccccc3)c2)C1(C)C,BRICS.CC1(C)C8C1(C)C.c19cccc6c1.c17ccccc1.C59C#N.C48=O.O45.O67,-6.025
COC(C)(C)CCCC(C)CC=CC(C)=CC(=O)OC(C)C,BRICS.C2(C)(C)CCCC(C)CC=4.C=4C=5C.C=5C1=O.C3(C)C.CO2.O13,-5.19
CCOC(=O)CC,BRICS.C1(=O)CC.CC2.O12,-0.66
CSc1nc(NC(C)C)nc(NC(C)C)n1,BRICS.c16nc4nc5n1.C2(C)C.C3(C)C.CS6.N24.N35,-4.1
C#CC(C)N(C)C(=O)Nc1ccc(Cl)cc1,BRICS.c15ccc(Cl)cc1.C#CC4C.N24C.C23=O.N35,-3.9
Cc1cc2ccccc2cc1C,MMPA.c13cc2ccccc2cc14.C3.C4,-4.72
Clc1ccc(-c2cc(Cl)ccc2Cl)cc1,BRICS.c13cc(Cl)ccc1Cl.Clc1ccc3cc1,-6.25
Clc1ccc(-c2cc(Cl)c(Cl)c(Cl)c2Cl)c(Cl)c1,BRICS.c13cc(Cl)c(Cl)c(Cl)c1Cl.Clc1ccc3c(Cl)c1,-7.39
N#CN=C(N)N,ATTACH.C3=69.N358.N479.C#12.N2=6.N#1.[H]5.[H]8.[H]4.[H]7,-0.31
O=[N+]([O-])C(Cl)(Cl)Cl,HR.C2345.O=[N+]14.[O-]1.Cl2.Cl5.Cl3,-2.0
Clc1cccc(Cl)c1-c1ccccc1,BRICS.Clc1cccc(Cl)c12.c12ccccc1,-5.21
COc1ccc(C=O)cc1,BRICS.c12ccc(C=O)cc1.CO2,-1.49
CC(=O)Nc1ccc([N+](=O)[O-])cc1,BRICS.c13ccc([N+](=O)[O-])cc1.CC2=O.N23,-2.692
CCCCCCC(=O)OCC,BRICS.CCCCCCC1=O.O12.C2C,-2.74
CC(=O)Nc1ccc(O)cc1,BRICS.c13ccc(O)cc1.CC2=O.N23,-1.03
c1ccc2[nH]ncc2c1,ATTACH.c13c6c8c2c(c5nn27)c14.[H]3.[H]6.[H]8.[H]7.[H]5.[H]4,-2.16
CC1(C)OC2CC3C4CCC5=CC(=O)C=CC5(C)C4(F)C(O)CC3(C)C2(C(=O)CO)O1,BRICS.CC1(C)OC2CC3C4CCC5=CC(=O)C=CC5(C)C4(F)C(O)CC3(C)C26O1.C6(=O)CO,-4.31
Nc1nc2[nH]cnc2c(=O)[nH]1,MMPA.c13nc2[nH]cnc2c(=O)[nH]1.N3,-3.583
COC(C)=O,BRICS.C1(C)=O.CO1,0.46
CC12CCC3C(CCC4CC(=O)CCC43C)C1CCC2O,RECAP.CC12CCC3C(CCC4CC=5CCC43C)C1CCC2O.O=5,-4.743
C=CC(O)CCC,HR.C123.C=C3.C24.C45.O1.C5,-0.59
O=C1NC(=O)C2C3C(C(O)(c4ccccc4)c4ccccn4)=CC(C3=C(c3ccccc3)c3ccccn3)C12,BRICS.O=C1NC(=O)C2C3C=5C(C=C3C67O)C12.C=5(c1ccccc1)c1ccccn1.c17ccccc1.c16ccccn1,-3.931
CCCCOCCCC,BRICS.CCCC1.C2CCC.O12,-1.85
CCCCCCCCCCCCO,ATTACH.C%378%15%27.C8%10%17%29.C%10%16%24%28.C%237%22%24.C%233%11%21.C%3636%14.C%3456%18.C%334%18%32.C%35%38%31%32.C%3529%30.C%129%13%19.C1%13%20%25.O%25%26.[H]%15.[H]%37.[H]%27.[H]%29.[H]%17.[H]%28.[H]%16.[H]%22.[H]7.[H]%21.[H]%11.[H]%14.[H]%36.[H]5.[H]%34.[H]4.[H]%33.[H]%38.[H]%31.[H]2.[H]%30.[H]%12.[H]%19.[H]1.[H]%20.[H]%26,-4.8
CCN1c2nc(N(C)CCO)ccc2NC(=O)c2cccnc21,BRICS.N13c2nc5ccc2NC(=O)c2cccnc21.N45C.C4CO.CC3,-3.36
CCCC(C)(C)O,ROTATABLE.C1(C)(C)O.CC2.C12,-0.49
Nc1nc(=O)[nH]cc1F,HR.c12nc(=O)[nH]cc13.N2.F3,-0.972
CCCCOc1ccc(C(=O)OCC)c(N(CC)CC)c1,BRICS.c15ccc9c8c1.CCCC3.C29=O.N678.O35.O24.C4C.C6C.C7C,-3.84
CCCCCC(C)(C)O,HR.C4578.C12.C26.C36.C37.C1.C8.C5.O4,-1.72
Cc1c(C)c(C)c(C)c(C)c1C,HR.c12c3c6c4c7c15.C2.C3.C6.C4.C7.C5,-5.23
Cc1ccc(C(C)C)c(O)c1,BRICS.Cc1ccc2c(O)c1.C2(C)C,-2.22
c1cnc2ncncc2n1,ATTACH.c15nc2c6nc4nc2nc13.[H]5.[H]3.[H]4.[H]6,0.02
CCOP(=S)(OCC)Oc1ccc([N+](=O)[O-])cc1,BRICS.c14ccc([N+](=O)[O-])cc1.O2P(=S)(O3)O4.CC2.C3C,-4.66
C,ATTACH.C1234.[H]1.[H]2.[H]3.[H]4,-0.9
c1ccc2c(c1)CCN2,ATTACH.c16c8c%10c2c(c1%11)C57C49N23.[H]6.[H]8.[H]%10.[H]%11.[H]7.[H]5.[H]9.[H]4.[H]3,-1.04
O=[N+]([O-])c1cccc2ccccc12,HR.c14cccc2ccccc12.O=[N+]34.[O-]3,-3.54
CCC(C)C(C)=O,ATTACH.C1%11%183.C1%13%148.C%12%1357.C%16259.C%1746%10.C%12=%156.O=%15.[H]%11.[H]%18.[H]3.[H]8.[H]%14.[H]7.[H]%16.[H]2.[H]9.[H]%17.[H]4.[H]%10,-0.67
Nc1nc(O)nc2nc[nH]c12,MMPA.c13nc4nc2nc[nH]c12.N3.O4,-3.401
O=c1oc2ccccc2c(O)c1C(CC(O)c1ccc(-c2ccc(Br)cc2)cc1)c1ccccc1,BRICS.O=c1oc2ccccc2c(O)c13.c15ccc6cc1.c16ccc(Br)cc1.C34CC5O.c14ccccc1,-4.445
C[N+](=O)[O-],MMPA.[N+]1(=O)[O-].C1,0.26
CC(C)N(C(=O)SCC(Cl)=C(Cl)Cl)C(C)C,BRICS.C4C(Cl)=C(Cl)Cl.C1(=O)S4.CC2C.N123.C3(C)C,-4.88
C=CCCC=C,MMPA.C=C2.C12.C13.C3=C,-2.68
c1ccc2[nH]ccc2c1,ATTACH.c13c5c8c2c(c14)c6c9n27.[H]3.[H]5.[H]8.[H]7.[H]9.[H]6.[H]4,-1.52
CC12CCC3C(CCC4=CC(=O)CCC43C)C1CCC2=O,HR.C125CCC3C(CCC4=CC(=O)CCC436)C1CCC2=O.C5.C6,-3.69
C=CCCCC,MMPA.C=C3.C13.C14.C24.C2,-3.23
Cc1cccc(C)c1NC(=O)c1cc(S(N)(=O)=O)c(Cl)cc1O,BRICS.c14cc(S(N)(=O)=O)c(Cl)cc1O.Cc1cccc(C)c13.C24=O.N23,-3.79
CCC1CCCCC1,BRICS.C12CCCCC1.CC2,-4.25
CCCCCCCC(C)=O,ATTACH.C1%236%13.C1%21%27%16.C%21%24%26%15.C%229%10%15.C%228%14%20.C%125%14%17.C%254%11%17.C27%18%19.C=34%19.O=3.[H]%23.[H]6.[H]%13.[H]%16.[H]%27.[H]%24.[H]%26.[H]%10.[H]9.[H]8.[H]%20.[H]%12.[H]5.[H]%11.[H]%25.[H]%18.[H]2.[H]7,-2.58
COC(=O)Nc1nc2ccc(C(=O)c3ccccc3)cc2[nH]1,BRICS.c16nc2ccc7cc2[nH]1.c18ccccc1.C45=O.C78=O.CO4.N56,-3.88
CC(C)OC(=O)Nc1cccc(Cl)c1,BRICS.c15cccc(Cl)c1.CC4C.C23=O.O24.N35,-3.38
CCN1c2ncccc2C(=O)N(C)c2ccc(Cl)nc21,BRICS.N13c2ncccc2C(=O)N(C)c2ccc(Cl)nc21.CC3,-4.114
CNC(=O)Oc1cccc2ccccc12,BRICS.c15cccc2ccccc12.C34=O.CN4.O35,-3.224
C#C,ATTACH.C#12.C#13.[H]2.[H]3,0.29
Cc1cncc(C)c1,MMPA.c12cncc3c1.C2.C3,0.38
C1=CCC=CC1,ATTACH.C13=C6C59C2=C7C148.[H]3.[H]6.[H]9.[H]5.[H]2.[H]7.[H]8.[H]4,-2.06
CCOC(=O)N(C)C(=O)CSP(=S)(OCC)OCC,BRICS.S7P(=S)(O5)O6.C3(=O)C7.C12=O.N23C.CC4.O14.C5C.C6C,-2.518
CC(O)c1ccccc1,BRICS.c12ccccc1.CC2O,-0.92
CC(Cl)CCl,ROTATABLE.CC1Cl.C1Cl,-1.6
CCCC=C(C=O)CC,BRICS.C=1(C=O)CC.CCCC=1,-2.46
CCOP(=S)(OCC)SCCSCC,BRICS.O1P(=S)(O2)S3.C3C4.CC1.C2C.S45.C5C,-4.23
CC(=O)OC1(C)CCC2C3CCC4=CC(=O)CCC4(C)C3CCC21C,BRICS.C16(C)CCC2C3CCC4=CC(=O)CCC4(C)C3CCC21C.CC5=O.O56,-5.284
Clc1ccc(-c2c(Cl)cccc2Cl)cc1,BRICS.c13c(Cl)cccc1Cl.Clc1ccc3cc1,-6.14
O=C(NC(=O)c1c(F)cccc1F)Nc1ccc(Cl)cc1,BRICS.c16c(F)cccc1F.c15ccc(Cl)cc1.O=C23.C46=O.N24.N35,-6.02
Oc1cc(Cl)ccc1Oc1ccc(Cl)cc1Cl,BRICS.Oc1cc(Cl)ccc12.c13ccc(Cl)cc1Cl.O23,-4.46
CC(C)CCCCCOC(=O)c1ccccc1C(=O)OCCCCCC(C)C,BRICS.CC(C)CCCCC4.C5CCCCC(C)C.c16ccccc17.C26=O.C37=O.O24.O35,-6.6370000000000005
CC12CCC(=O)C=C1CCC1C2C(O)CC2(C)C(C(=O)CO)CCC12,BRICS.CC12CCC(=O)C=C1CCC1C2C(O)CC2(C)C3CCC12.C3(=O)CO,-3.24
Cc1cc(C)cc(C)c1,MMPA.c12cc3cc4c1.C2.C4.C3,-3.4
CCCCCCCCOC(=O)c1ccccc1C(=O)OCCCCCCCC,BRICS.CCCCCCCC4.C5CCCCCCC.c16ccccc17.C26=O.C37=O.O24.O35,-5.115
CCCCCCCCCCCCCCCO,ROTATABLE.CC7.C7%11.C9%11.C9%13.C%134.C%124.C%125.C25.C12.C18.C83.C%103.C6%10.C6O,-6.35
Clc1cccc(Cl)c1-c1c(Cl)cccc1Cl,BRICS.Clc1cccc(Cl)c12.c12c(Cl)cccc1Cl,-7.39
CC1(C)C(=O)NC(=O)NC1=O,ATTACH.C129C=8N4C=3N%13C1=%10.C2%11%146.C79%125.O=%10.O=3.O=8.[H]6.[H]%14.[H]%11.[H]7.[H]5.[H]%12.[H]%13.[H]4,-1.742
CC(C)I,HR.C123.C1.C2.I3,-2.09
O=[N+]([O-])c1ccccc1[N+](=O)[O-],ROTATABLE.c13ccccc12.O=[N+]3[O-].[N+]2(=O)[O-],-3.1
CC(=O)C(C)C,ROTATABLE.CC1=O.C1(C)C,-0.12
CCCCCCCCCCCCCCCC,HR.C1%10.C%10%14.C%12%14.C%122.C25.C%155.C%157.C37.C83.C8%11.C%114.C%134.C9%13.C96.C1.C6,-8.4
CC12CCC(CC1)C(C)(C)O2,MMPA.C123CCC(CC1)C45O2.C3.C4.C5,-1.74
Cc1cccc2sc3nncn3c12,ATTACH.c14c7c5c9c2sc3nnc%10n3c12.C468%11.[H]6.[H]%11.[H]8.[H]7.[H]5.[H]9.[H]%10,-2.07
CCCCCCC(C)=O,HR.C37=O.C14.C24.C26.C56.C57.C1.C3,-2.05
CCCCCCCCC(=O)OC,BRICS.CCCCCCCCC1=O.O1C,-3.38
Fc1ccc(F)cc1,ATTACH.c12c6c5c3c4c17.F2.F3.[H]7.[H]4.[H]5.[H]6,-1.97
O=C1CCC(N2C(=O)c3ccccc3C2=O)C(=O)N1,BRICS.N14C(=O)c2ccccc2C1=O.O=C1CCC4C(=O)N1,-2.676
CCCN(CCC)c1c([N+](=O)[O-])cc(C(F)(F)F)cc1[N+](=O)[O-],BRICS.c14c([N+](=O)[O-])cc5cc1[N+](=O)[O-].C5(F)(F)F.CCC2.N234.C3CC,-5.68
CCO,ATTACH.C1346.C1257.O28.[H]4.[H]3.[H]6.[H]7.[H]5.[H]8,1.1
O=C1NC(=O)C2(CCCC2)C(=O)N1,RECAP.C1=3NC=4C2(CCCC2)C=5N1.O=3.O=5.O=4,-2.349
CCNC(=O)C(C)OC(=O)Nc1ccccc1,BRICS.c17ccccc1.C3(=O)C5C.C24=O.CC6.N36.O25.N47,-1.83
CC(C)=CC1C(C(=O)OCc2cccc(Oc3ccccc3)c2)C1(C)C,BRICS.C=9C1C8C1(C)C.c1%10cccc6c1.c17ccccc1.CC=9C.C48=O.O45.C5%10.O67,-5.24
CN(C)C(=O)NC1CCCCCCC1,BRICS.C14CCCCCCC1.CN2C.C23=O.N34,-2.218
ClC1(Cl)C2(Cl)C3(Cl)C4(Cl)C(Cl)(Cl)C5(Cl)C3(Cl)C1(Cl)C5(Cl)C24Cl,HR.C16%11C2%12C3%16C47C1%13C1%15C4%14C%10%17C38C219.Cl6.Cl%11.Cl%12.Cl%16.Cl8.Cl%10.Cl%17.Cl%14.Cl7.Cl%13.Cl%15.Cl9,-6.8
CCCCCCCCBr,ROTATABLE.CC4.C14.C15.C35.C36.C26.C2Br,-5.06
CCCCNC(=O)n1c(NC(=O)OC)nc2ccccc21,BRICS.C4(=O)n1c7nc2ccccc21.CCCC6.C35=O.N46.N57.O3C,-4.883
Cc1c(N(C)C)c(=O)n(-c2ccccc2)n1C,BRICS.Cc1c3c(=O)n4n1C.c14ccccc1.N3(C)C,-0.364
CCC(O)CC,MMPA.C234.C14.C35.C1.O2.C5,-0.24
Cc1ccc([N+](=O)[O-])cc1,ROTATABLE.Cc1ccc2cc1.[N+]2(=O)[O-],-2.49
CC(C)CCCO,MMPA.C136.C46.C24.C25.C1.C3.O5,-1.14
C#CC1(O)CCC2C3CCC4=CC(=O)CCC4(O)C3CCC21C,HR.C156CCC2C3CCC4=CC(=O)CCC48C3CCC217.C#C6.O5.O8.C7,-4.57
CC(C)OC(=O)C(O)(c1ccc(Br)cc1)c1ccc(Br)cc1,BRICS.c14ccc(Br)cc1.c15ccc(Br)cc1.C2(=O)C45O.CC3C.O23,-4.93
Nc1cnn(-c2ccccc2)c(=O)c1Cl,BRICS.Nc1cnn3c(=O)c1Cl.c13ccccc1,-2.878
CCC(C)(C)O,HR.C2345.C14.C1.C2.C3.O5,0.15
Cc1ccc(O)cc1,MMPA.c12ccc3cc1.C2.O3,-0.73
CCOC=O,BRICS.O1C=O.CC1,0.15
CN(C)c1ccccc1,BRICS.c12ccccc1.CN2C,-1.92
C1CCC2CCCCC2C1,ATTACH.C1%134C69C%155C2%16C%17%12C%188C%14%20C3%19C2%11C17%10.[H]%13.[H]4.[H]6.[H]9.[H]5.[H]%15.[H]%16.[H]%12.[H]%17.[H]%18.[H]8.[H]%14.[H]%20.[H]3.[H]%19.[H]%11.[H]7.[H]%10,-5.19
CCCCS,MMPA.C12.C23.C34.C1.S4,-2.18
c1ccc2c(c1)c1cccc3ccc4cccc2c4c31,ATTACH.c15c%10c%15c2c(c1%12)c1c7c6c8c3c%11c%14c4c%13c9c%16c2c4c31.[H]5.[H]%10.[H]%15.[H]%12.[H]7.[H]6.[H]8.[H]%11.[H]%14.[H]%13.[H]9.[H]%16,-7.8
ClC(Cl)=C(Cl)Cl,MMPA.C12=C34.Cl1.Cl2.Cl3.Cl4,-2.54
CCC(=O)CC,MMPA.C23=O.C13.C24.C1.C4,-0.28
C=CC#N,RECAP.C=1C#N.C=1,0.15
CC1CC2C3CC(F)C4=CC(=O)C=CC4(C)C3(F)C(O)CC2(C)C1(O)C(=O)CO,BRICS.CC1CC2C3CC(F)C4=CC(=O)C=CC4(C)C3(F)C(O)CC2(C)C15O.C5(=O)CO,-5.613
CCCCC(C)=O,RECAP.CCCCC=1C.O=1,-0.8
CCNc1nc(NC(C)(C)C)nc(OC)n1,BRICS.c15nc2nc6n1.C4(C)(C)C.CC3.N35.N46.O2C,-3.239
CCCCC(C)CC,ATTACH.C1%225%10.C1%12%239.C%1228%11.C%20%25%11%17.C%20%24%14%16.C4%13%14%18.C%21%2437.C%1936%15.[H]5.[H]%10.[H]%22.[H]%23.[H]9.[H]2.[H]8.[H]%17.[H]%25.[H]%16.[H]%18.[H]4.[H]%13.[H]%21.[H]7.[H]%19.[H]6.[H]%15,-5.16
BrCCBr,HR.C12.C23.Br1.Br3,-1.68
CNC(=O)Oc1ccccc1C(C)C,BRICS.c14ccccc15.C23=O.C5(C)C.CN3.O24,-2.863
O=C1NCCN1c1ncc([N+](=O)[O-])s1,BRICS.c12ncc([N+](=O)[O-])s1.O=C1NCCN12,-3.22
c1ccc2c(c1)Cc1c-2ccc2ccccc12,ATTACH.c16c3c%12c2c(c1%13)C85c1c-2c7c9c2c%14c%11c%10c4c12.[H]6.[H]3.[H]%12.[H]%13.[H]8.[H]5.[H]7.[H]9.[H]%14.[H]%11.[H]%10.[H]4,-6.68
COc1ccccc1Cl,BRICS.c12ccccc1Cl.CO2,-2.46
COP(=S)(OC)Oc1cc(Cl)c(Br)cc1Cl,BRICS.c12cc(Cl)c(Br)cc1Cl.COP(=S)(O2)OC,-6.09
O=C(CC(Cl)Cl)NC1=C(Cl)C(=O)c2ccccc2C1=O,BRICS.N3C1=C(Cl)C(=O)c2ccccc2C1=O.O=C3CC(Cl)Cl,-5.03
Clc1ccc(C(c2ccc(Cl)cc2)C(Cl)Cl)cc1,BRICS.Clc1ccc3cc1.c14ccc(Cl)cc1.C34C(Cl)Cl,-7.2
C=CC(=O)OC,BRICS.C=CC1=O.O1C,-0.22
CN(C)C(=O)Nc1ccc(Oc2ccc(Cl)cc2)cc1,BRICS.c17ccc5cc1.c16ccc(Cl)cc1.CN3C.C34=O.N47.O56,-4.89
c1ccc(N=Nc2ccccc2)cc1,HR.c1ccc4cc1.c13ccccc1.N4=N3,-4.45
Cc1ccc(C(C)C)cc1,BRICS.Cc1ccc2cc1.C2(C)C,-3.77
Oc1c(Cl)cccc1Cl,MMPA.c12c3cccc14.O2.Cl3.Cl4,-1.79
OCC1OC(OC2(CO)OC(CO)C(O)C2O)C(O)C(O)C1O,BRICS.C15OC4C(O)C(O)C1O.C136OC7C(O)C1O.OC5.O34.C6O.C7O,0.79
OC1C(O)C(O)C(O)C(O)C1O,ATTACH.C128C%175C%197C%12%15C%14%16C1%13%10.O26.O5%11.O37.O%154.O%169.O%13%18.[H]6.[H]8.[H]%17.[H]%11.[H]%19.[H]3.[H]%12.[H]4.[H]%14.[H]9.[H]%10.[H]%18,0.35
Cn1c(=O)c2c(ncn2CC(O)CO)n(C)c1=O,BRICS.Cn1c(=O)c2c(ncn23)n(C)c1=O.C3C(O)CO,-0.17
O=C(NC(CO)C(O)c1ccc([N+](=O)[O-])cc1)C(Cl)Cl,BRICS.c14ccc([N+](=O)[O-])cc1.C3(CO)C4O.O=C2C(Cl)Cl.N23,-2.111
CCC(O)(CC)CC,HR.C2347.C14.C36.C57.C1.O2.C6.C5,-0.85
CC12CCC3C(CCC4CC5SC5CC43C)C1CCC2O,ATTACH.C12%14C%28%16C%38%26C%17%11C1%37C1%30C%33%22C%36%21C3%32C%10%31C46SC4%27C%34%20C3%12C1%24C%15%25C27%19.C8%14%18%29.C%35%12%13%23.O9%16.[H]%29.[H]%18.[H]8.[H]7.[H]%19.[H]%25.[H]%15.[H]%24.[H]%30.[H]%33.[H]%22.[H]%36.[H]%21.[H]%32.[H]%10.[H]%31.[H]6.[H]%27.[H]%34.[H]%20.[H]%13.[H]%35.[H]%23.[H]%37.[H]%11.[H]%17.[H]%38.[H]%26.[H]%28.[H]9,-5.41
Brc1ccccc1Br,HR.c12ccccc13.Br2.Br3,-3.5
Oc1c(Cl)cc(Cl)cc1Cl,HR.c12c3cc5cc14.O2.Cl4.Cl5.Cl3,-2.34
CCCN(CCC)c1c([N+](=O)[O-])cc(S(N)(=O)=O)cc1[N+](=O)[O-],BRICS.c14c([N+](=O)[O-])cc(S(N)(=O)=O)cc1[N+](=O)[O-].CCC2.N234.C3CC,-5.16
O=C1c2ccccc2Cc2ccccc2N1CCF,MMPA.O=C1c2ccccc2Cc2ccccc2N13.C35.C45.F4,-4.799
CC(C)C(=O)C(C)C,ROTATABLE.CC1C.C12=O.C2(C)C,-1.3
CC(C)=CCC1(C(C)C)C(=O)NC(=O)NC1=O,BRICS.C134C(=O)NC(=O)NC1=O.CC=2C.C=2C3.C4(C)C,-2.593
COC1=CC2OC3C=CC(O)=CC3C(=O)C2C(O)=C1,HR.C16=CC2OC3C=CC7=CC3C(=O)C2C5=C1.O46.C4.O7.O5,-2.943
Cn1c(=O)c2c(ncn2C)n(C)c1=O,HR.n13c(=O)c2c(ncn24)n5c1=O.C3.C4.C5,-0.8759999999999999
CC(=O)SC1CC2=CC(=O)CCC2(C)C2CCC3(C)C(CCC34CCC(=O)O4)C12,BRICS.C15CC2=CC(=O)CCC2(C)C2CCC3(C)C(CCC34CCC(=O)O4)C12.CC(=O)S5,-4.173
Cc1ccc(O)cc1C,HR.c12ccc3cc14.C2.O3.C4,-1.38
c1ccc(Oc2ccccc2)cc1,BRICS.c1ccc3cc1.c14ccccc1.O34,-3.96
Clc1cc(Cl)c(-c2cc(Cl)c(Cl)cc2Cl)cc1Cl,BRICS.Clc1cc(Cl)c3cc1Cl.c13cc(Cl)c(Cl)cc1Cl,-8.56
NC(=O)c1cccnc1,BRICS.c12cccnc1.NC2=O,0.61
Sc1ccccc1,ATTACH.c12c5c6c4c7c18.S23.[H]3.[H]8.[H]7.[H]4.[H]6.[H]5,-2.12
CNC(=O)Oc1cc(C)cc(C)c1,BRICS.c14cc(C)cc(C)c1.C23=O.CN3.O24,-2.5810000000000004
ClC1=C(Cl)C2(Cl)C3C(Cl)C(Cl)CC3C1(Cl)C2(Cl)Cl,MMPA.C14=C8C2%10C3C%11C5CC3C16C279.Cl4.Cl8.Cl%10.Cl%11.Cl5.Cl6.Cl9.Cl7,-6.86
CSSC,MMPA.S1S2.C1.C2,-1.44
NC(=O)c1ccccc1,BRICS.c12ccccc1.NC2=O,-0.96
Clc1ccccc1Br,MMPA.c12ccccc13.Cl2.Br3,-3.19
COC(=O)c1ccccc1OC1OC(COC2OCC(O)C(O)C2O)C(O)C(O)C1O,BRICS.C15OC9C(O)C(O)C1O.C16OCC(O)C(O)C1O.c18ccccc17.C38=O.CO3.O57.C49.O46,-0.742
CCCCC(O)CC,ROTATABLE.C34O.CC2.C12.C13.C4C,-1.47
CCN1c2ncccc2C(=O)Nc2c(C)cc(C)nc21,BRICS.N13c2ncccc2C(=O)Nc2c(C)cc(C)nc21.CC3,-4.553999999999999
Oc1cc(Cl)cc(Cl)c1,HR.c12cc3cc4c1.O2.Cl4.Cl3,-1.34
Cc1cccc2c1ccc1ccccc12,MMPA.c13cccc2c1ccc1ccccc12.C3,-5.85
CCCCC(CC)CO,ATTACH.C1%2239.C1%126%15.C%125%11%18.C%20%248%11.C%20%252%13.C%26%13%14%16.C%214%10%16.C27%17%19.O%23%19.[H]9.[H]%22.[H]3.[H]6.[H]%15.[H]5.[H]%18.[H]%24.[H]8.[H]%25.[H]%26.[H]%14.[H]%21.[H]4.[H]%10.[H]7.[H]%17.[H]%23,-2.11
CC(C)N(C(=O)SCC(Cl)=CCl)C(C)C,BRICS.C4C(Cl)=CCl.C1(=O)S4.CC2C.N123.C3(C)C,-4.2860000000000005
Cc1ccccc1,HR.c12ccccc1.C2,-2.21
Clc1cccc(C(Cl)(Cl)Cl)n1,BRICS.Clc1cccc2n1.C2(Cl)(Cl)Cl,-3.76
C1=CCCCCC1,ATTACH.C12=C%10C9%12C45C83C6%13C17%11.[H]2.[H]%10.[H]%12.[H]9.[H]5.[H]4.[H]8.[H]3.[H]6.[H]%13.[H]%11.[H]7,-3.18
CN(C)C(=S)SSC(=S)N(C)C,MMPA.N13C(=S)SSC(=S)N24.C1.C3.C4.C2,-3.9
COC1=CC(=O)CC(C)C12Oc1c(Cl)c(OC)cc(OC)c1C2=O,BRICS.COC1=CC(=O)CC(C)C12Oc1c(Cl)c3cc4c1C2=O.O3C.O4C,-3.2460000000000004
CCCCCCCCCCO,MMPA.C14.C46.C56.C58.C8%10.C7%10.C72.C92.C39.C1.O3,-3.63
CCC(C)(C)CC,ATTACH.C1%1228.C1%17%19%11.C%16%1739.C%2169%13.C%16%205%14.C%223%10%15.C%1847%10.[H]%12.[H]2.[H]8.[H]%11.[H]%19.[H]%13.[H]%21.[H]6.[H]%20.[H]5.[H]%14.[H]%15.[H]%22.[H]7.[H]%18.[H]4,-4.23
CNC(=O)C(C)SCCSP(=O)(OC)OC,BRICS.S4P(=O)(OC)OC.C1(=O)C2C.C3C4.CN1.S23,1.144
Oc1cc(Cl)c(Cl)c(Cl)c1Cl,ATTACH.c12c3c7c5c4c16.O28.Cl4.Cl5.Cl7.Cl3.[H]8.[H]6,-3.15
CCCC=O,ROTATABLE.CC2.C12.C1=O,-0.01
CC(=O)OCC(=O)C1(O)C(C)CC2C3CCC4=CC(=O)C=CC4(C)C3(F)C(O)CC21C,BRICS.C17(O)C(C)CC2C3CCC4=CC(=O)C=CC4(C)C3(F)C(O)CC21C.C6C7=O.CC5=O.O56,-4.9
CCCC,ROTATABLE.CC1.C1C,-2.57
COc1ccccc1O,BRICS.c12ccccc1O.CO2,-1.96
CC(=O)C1(O)CCC2C3CC(C)C4=CC(=O)C=CC4(C)C3(F)C(O)CC21C,BRICS.C15(O)CCC2C3CC(C)C4=CC(=O)C=CC4(C)C3(F)C(O)CC21C.CC5=O,-4.099
ClC(Cl)C(Cl)(Cl)Cl,MMPA.C3456.C125.Cl1.Cl2.Cl3.Cl6.Cl4,-2.6
CCOC(=O)c1ccccc1C(=O)OCC,BRICS.c16ccccc17.C26=O.C37=O.CC4.O24.O35.C5C,-2.35
CC(C)CO,HR.C123.C34.C1.C2.O4,0.1
CC(C)Cc1ccccc1,BRICS.c12ccccc1.CC(C)C2,-4.12
ICI,MMPA.C12.I1.I2,-2.34
CCCC(O)CCC,ROTATABLE.C14O.CC2.C12.C34.C3C,-1.4
CCCCCOC(C)=O,BRICS.CCCCC2.C1(C)=O.O12,-1.89
Oc1c(Cl)c(Cl)cc(Cl)c1Cl,HR.c12c3c6cc5c14.O2.Cl4.Cl5.Cl6.Cl3,-3.37
CCCc1ccccc1,BRICS.c12ccccc1.CCC2,-3.37
FC(F)(Cl)C(F)(F)Cl,HR.C1357.C2467.F1.F3.Cl5.F2.F4.Cl6,-2.74
CC=CC=O,BRICS.C=1C=O.CC=1,0.32
CN(C)C(=O)N(C)C,BRICS.CN1C.C12=O.N2(C)C,0.94
Cc1cc(C)c(C)cc1C,HR.c12cc5c4cc13.C2.C5.C4.C3,-4.59
C#CC1(OC(C)=O)CCC2C3CCC4=CC(=O)CCC4C3CCC21C,BRICS.C#CC16CCC2C3CCC4=CC(=O)CCC4C3CCC21C.C5(C)=O.O56,-4.8
CCOP(=S)(OCC)N1C(=O)c2ccccc2C1=O,BRICS.O3P(=S)(O4)N1C(=O)c2ccccc2C1=O.CC3.C4C,-3.35
O=C(Nc1ccccc1)c1ccccc1O,BRICS.c14ccccc1O.c13ccccc1.O=C24.N23,-3.59
C=C(Cl)CSC(=S)N(CC)CC,BRICS.S3C(=S)N12.C=C(Cl)C3.C1C.C2C,-3.39
CCCl,HR.C12.C1.Cl2,-1.06
CC(=O)Nc1cc(NS(=O)(=O)C(F)(F)F)c(C)cc1C,BRICS.c14cc5c(C)cc1C.S3(=O)(=O)C(F)(F)F.CC2=O.N24.N35,-3.24
O=C(C=CC=Cc1ccc2c(c1)OCO2)N1CCCCC1,BRICS.C=5c1ccc2c(c1)OCO2.N13CCCCC1.O=C3C=4.C=4C=5,-3.46
C/C=C\CC,BRICS.C=1CC.CC=1,-2.54
CNC(=O)ON=C(CSC)C(C)(C)C,BRICS.O1N=C(C3)C(C)(C)C.C12=O.CN2.S3C,-1.62
O=C1NC(=O)C2(CCCCCCC2)C(=O)N1,ATTACH.C1=3N%18C=%15C2(C=5N14)C%149C%168C%21%11C6%10C%20%12C%17%19C27%13.O=3.O=%15.O=5.[H]%18.[H]9.[H]%14.[H]8.[H]%16.[H]%21.[H]%11.[H]6.[H]%10.[H]%12.[H]%20.[H]%17.[H]%19.[H]7.[H]%13.[H]4,-2.982
CNC(=O)Oc1cc(C(C)(C)C)cc(C(C)(C)C)c1,BRICS.c14cc5cc6c1.C5(C)(C)C.C6(C)(C)C.C23=O.CN3.O24,-4.24
O=C1CC(c2ccc(O)c(O)c2)Oc2cc(O)cc(O)c21,BRICS.O=C1CC3Oc2cc(O)cc(O)c21.c13ccc(O)c(O)c1,-3.62
O=C(c1ccccc1)c1ccccc1,BRICS.c12ccccc1.c13ccccc1.O=C23,-3.12
CCCCCCCCCCCCCCCCCCCC,ATTACH.C%10%25%33%55.C%15%25%27%35.C%14%27%41%51.C%124%29%51.C%127%18%28.C8%18%19%53.C%59%19%36%48.C%56%36%47%58.C2%38%57%58.C12%26%37.C%17%26%30%44.C%20%30%43%52.C%45%11%31%52.C%45%619%21.C9%13%24%39.C3%24%40%50.C%345%40%49.C%23%346%42.C6%16%32%54.C%60%16%22%46.[H]%10.[H]%55.[H]%33.[H]%35.[H]%15.[H]%41.[H]%14.[H]%29.[H]4.[H]%28.[H]7.[H]8.[H]%53.[H]%59.[H]%48.[H]%56.[H]%47.[H]%57.[H]%38.[H]1.[H]%37.[H]%44.[H]%17.[H]%43.[H]%20.[H]%31.[H]%11.[H]%21.[H]%61.[H]%13.[H]%39.[H]3.[H]%50.[H]5.[H]%49.[H]%23.[H]%42.[H]%54.[H]%32.[H]%46.[H]%22.[H]%60,-8.172
c1ccc(NNc2ccccc2)cc1,HR.c1ccc5cc1.c14ccccc1.N35.N34,-2.92
CCC(CC)CO,HR.C236.C13.C24.C56.C1.C4.O5,-1.17
Oc1ccncc1,MMPA.c12ccncc1.O2,1.02
Cl/C=C\Cl,RECAP.ClC=1.C=1Cl,-1.3
CC1CCCC1,HR.C12CCCC1.C2,-3.3
CC(C)CC(C)O,ATTACH.C1%12%196.C1%14%20%10.C%14%1729.C%15%204%11.C%15%1638.C%1878%13.O%165.[H]%12.[H]%19.[H]6.[H]%10.[H]2.[H]9.[H]%17.[H]4.[H]%11.[H]3.[H]7.[H]%13.[H]%18.[H]5,-0.8
Cc1ccc2c(c1)C(=O)N(C)c1cc(N)ccc1O2,ATTACH.c13c%15c2c(c7c1%20)Oc1c%17c4c5c%19c1N%13C2=%12.C3%166%10.C%13%188%11.N%1459.O=%12.[H]%16.[H]6.[H]%10.[H]%20.[H]7.[H]%15.[H]%11.[H]%18.[H]8.[H]%19.[H]9.[H]%14.[H]4.[H]%17,-3.928
CC(C)(C)CO,ATTACH.C1%10%156.C1%11%165.C%11%12%177.C%14%1639.C%13258.O48.[H]6.[H]%10.[H]%15.[H]7.[H]%12.[H]%17.[H]9.[H]%14.[H]3.[H]%13.[H]2.[H]4,-0.4
CC(C)(C)C(=O)C(Oc1ccc(Cl)cc1)n1cncn1,BRICS.CC(C)(C)C(=O)C24.c13ccc(Cl)cc1.n14cncn1.O23,-3.61
Cc1cc(C(=O)NNCc2ccccc2)no1,BRICS.Cc1cc3no1.C3(=O)NNC4.c14ccccc1,-2.461
C=CC,RECAP.C=1C.C=1,-1.08
Oc1ccc(Cl)cc1Cc1cc(Cl)ccc1O,BRICS.Oc1ccc(Cl)cc12.c13cc(Cl)ccc1O.C23,-3.953
CCOC(=O)Nc1cccc(OC(=O)Nc2ccccc2)c1,BRICS.c19cccc8c1.c1%10ccccc1.C35=O.C46=O.CC7.O37.N59.O48.N6%10,-4.632
O=C1c2ccccc2C(=O)c2ccccc21,ATTACH.c1=3c2c6c9c%10c5c2c=8c2c%11c4c%12c7c12.O=3.O=8.[H]7.[H]%12.[H]4.[H]%11.[H]5.[H]%10.[H]9.[H]6,-5.19
CCCCCCC(C)O,MMPA.C468.C12.C25.C35.C37.C78.C1.C6.O4,-2.09
CC1=C(C(=O)Nc2ccccc2)S(=O)(=O)CCO1,BRICS.CC1=C(C3=O)S(=O)(=O)CCO1.c14ccccc1.N34,-2.281
CCCCc1ccccc1,BRICS.c12ccccc1.CCCC2,-4.06
O=C1NC(=O)C(=O)N1,ATTACH.C1=2N3C=5C=4N16.O=2.O=4.O=5.[H]6.[H]3,-0.4
COP(=S)(OC)Oc1ccc(Sc2ccc(OP(=S)(OC)OC)cc2)cc1,BRICS.COP(=S)(O3)OC.c13ccc5cc1.c16ccc4cc1.O4P(=S)(OC)OC.S56,-6.237
NS(=O)(=O)c1cc(C2(O)NC(=O)c3ccccc32)ccc1Cl,ATTACH.C1%20%14c2c5c%11c%22c%15c2C=%17N17.c1%10c%18c%20c%12c%21c19.S4=%16=6%10.N4%198.O%13%14.O=%16.O=6.O=%17.Cl9.[H]%19.[H]8.[H]%18.[H]%13.[H]7.[H]%15.[H]%22.[H]%11.[H]5.[H]%12.[H]%21,-3.451
CC(=O)OCC(C)C,BRICS.C2C(C)C.CC1=O.O12,-1.21
CC(C)C(C)(C)C,ROTATABLE.C1(C)(C)C.CC1C,-4.36
Clc1ccc(-c2c(Cl)cc(Cl)c(Cl)c2Cl)c(Cl)c1Cl,BRICS.c13c(Cl)cc(Cl)c(Cl)c1Cl.Clc1ccc3c(Cl)c1Cl,-7.66
N#Cc1ccccc1C#N,ATTACH.c13c4c7c8c5c19.C#23.C#69.N#2.N#6.[H]4.[H]7.[H]8.[H]5,-2.38
Cc1cccc([N+](=O)[O-])c1,MMPA.c12cccc3c1.[N+]3(=O)[O-].C2,-2.44
FC(F)(F)C(Cl)Br,ROTATABLE.FC1(F)F.C1(Cl)Br,-1.71
CNC(=O)ON=C(SC)C(=O)N(C)C,BRICS.O1N=C(SC)C3=O.C12=O.N3(C)C.CN2,0.106
CCSCCSP(=S)(OC)OC,BRICS.S3P(=S)(OC)OC.C2C3.CC1.S12,-3.091
CCC(C)C,HR.C234.C13.C1.C4.C2,-3.18
COP(=O)(OC)OC(=CCl)c1cc(Cl)c(Cl)cc1Cl,MMPA.c13cc4c9cc18.O2P(=O)(O5)O6.C35=C7.C2.C6.Cl7.Cl4.Cl9.Cl8,-4.522
